player,team,league,position,age,minutes,league_strength,progressive_carries_p90,progressive_passes_p90,crosses_p90,xA_p90,touches_att_3rd_p90,tackles_p90,interceptions_p90,miscontrols_p90,aerial_win_pct,clearances_p90,pass_completion_pct,errors_p90,npxG_p90,shots_p90,touches_box_p90,goals_p90,pressures_p90,tackles_interceptions_p90,market_value_eur,injury_days_last_2y
CEL Player 001,Celtic,Scottish Premiership,LW,20,2037,0.68,2.963,2.387,2.277,0.176,33.285,0.754,0.773,2.791,39.413,0.669,90.478,0.028,0.206,2.706,4.853,0.181,15.627,1.527,8778885,16
CEL Player 002,Celtic,Scottish Premiership,RB,26,1842,0.68,3.18,6.65,2.421,0.092,15.962,1.994,1.53,1.437,39.667,1.769,92.012,0.037,0.016,0.438,1.609,0.041,15.91,3.524,4425621,23
CEL Player 003,Celtic,Scottish Premiership,AM,18,1342,0.68,2.121,4.62,0.746,0.081,26.611,1.093,1.227,1.269,50.918,1.303,91.485,0.035,0.15,1.295,1.79,0.032,14.434,2.32,2765857,28
CEL Player 004,Celtic,Scottish Premiership,DM,25,1956,0.68,2.108,4.319,0.534,0.075,13.027,2.29,1.46,1.255,50.833,1.515,90.964,0.035,0.088,0.688,1.347,0.008,14.505,3.75,3262030,9
CEL Player 005,Celtic,Scottish Premiership,ST,23,2154,0.68,1.186,1.187,0.328,0.096,11.935,0.487,0.281,1.846,28.74,0.541,56.309,0.03,0.459,2.352,3.895,0.296,13.048,0.768,3280301,36
CEL Player 006,Celtic,Scottish Premiership,DM,21,947,0.68,1.356,5.617,0.545,0.029,13.502,2.194,1.883,1.758,73.728,1.492,62.691,0.049,0.056,0.957,1.662,0.053,22.162,4.077,2390544,21
CEL Player 007,Celtic,Scottish Premiership,CB,22,1342,0.68,1.114,5.635,0.133,0.026,4.077,1.281,2.784,0.314,85.551,4.642,95.0,0.029,0.091,0.541,1.432,0.065,4.835,4.065,5250234,73
CEL Player 008,Celtic,Scottish Premiership,RW,25,2398,0.68,3.871,3.493,2.224,0.228,31.889,0.625,0.452,2.984,47.987,0.495,71.227,0.006,0.187,2.425,4.169,0.166,15.898,1.077,4622524,71
CEL Player 009,Celtic,Scottish Premiership,AM,17,1518,0.68,1.703,3.761,0.499,0.141,14.825,1.629,1.123,1.083,52.769,1.208,95.0,0.035,0.096,1.355,2.429,0.022,17.421,2.752,2116645,143
CEL Player 010,Celtic,Scottish Premiership,RW,23,598,0.68,4.068,3.277,1.567,0.116,14.99,0.717,0.43,1.811,26.381,0.455,43.318,0.078,0.146,1.49,5.705,0.258,11.117,1.147,1672556,34
CEL Player 011,Celtic,Scottish Premiership,CM,23,2055,0.68,1.954,5.332,0.466,0.104,17.98,1.977,1.318,1.49,60.226,1.3,93.169,0.036,0.084,1.227,2.065,0.167,25.97,3.295,4975655,8
CEL Player 012,Celtic,Scottish Premiership,DM,20,2324,0.68,2.255,3.55,0.73,0.126,14.57,2.024,1.822,1.355,46.709,1.456,81.434,0.067,0.005,1.083,2.134,0.09,18.186,3.846,2244468,30
CEL Player 013,Celtic,Scottish Premiership,CM,27,1336,0.68,1.564,4.814,0.752,0.121,24.104,2.211,1.513,1.744,51.861,1.39,77.466,0.027,0.138,0.833,2.298,0.061,23.311,3.724,3525580,94
CEL Player 014,Celtic,Scottish Premiership,RW,24,788,0.68,5.084,2.983,1.596,0.104,28.331,0.556,0.482,2.2,40.91,0.53,35.966,0.037,0.223,2.648,2.311,0.121,16.896,1.038,1177881,77
CEL Player 015,Celtic,Scottish Premiership,CM,22,2078,0.68,2.35,6.111,0.709,0.098,19.777,1.976,1.687,1.727,43.992,1.324,95.0,0.013,0.14,1.427,2.261,0.155,24.692,3.663,8304734,34
CEL Player 016,Celtic,Scottish Premiership,AM,17,2592,0.68,2.513,6.276,0.375,0.066,14.621,1.415,1.446,1.365,48.016,0.795,40.094,0.035,0.135,1.552,2.529,0.108,18.827,2.861,3528374,12
ABE Player 017,Aberdeen,Scottish Premiership,LW,27,1294,0.62,4.138,2.909,2.457,0.096,24.097,0.613,0.357,2.039,42.435,0.503,82.657,0.051,0.233,2.8,4.756,0.142,15.099,0.97,2116711,6
ABE Player 018,Aberdeen,Scottish Premiership,AM,31,651,0.62,2.181,5.939,0.613,0.069,28.847,1.667,1.317,1.083,43.982,1.359,83.771,0.043,0.195,1.399,1.955,0.145,18.636,2.984,3293108,31
ABE Player 019,Aberdeen,Scottish Premiership,CM,32,2900,0.62,2.081,6.363,0.504,0.115,18.057,1.928,1.178,0.898,28.499,0.942,76.077,0.078,0.146,0.897,2.156,0.056,18.078,3.106,2782954,40
ABE Player 020,Aberdeen,Scottish Premiership,DM,19,1554,0.62,2.713,8.311,0.798,0.201,23.407,2.76,1.942,1.817,54.788,2.081,95.0,0.008,0.196,1.375,2.998,0.075,23.647,4.702,6234795,0
ABE Player 021,Aberdeen,Scottish Premiership,CB,21,573,0.62,0.482,4.513,0.028,0.0,2.949,0.398,0.994,0.199,38.876,3.611,59.908,0.066,0.0,0.485,0.495,0.0,4.557,1.392,460320,83
ABE Player 022,Aberdeen,Scottish Premiership,CB,25,1717,0.62,1.004,3.998,0.129,0.085,3.498,1.578,1.836,0.425,43.953,4.637,71.44,0.039,0.08,0.569,1.272,0.085,4.93,3.414,9351546,35
ABE Player 023,Aberdeen,Scottish Premiership,CM,25,2872,0.62,1.856,4.362,0.47,0.048,14.612,1.756,1.479,1.3,40.149,1.404,94.407,0.028,0.119,1.13,1.4,0.065,19.797,3.235,2644956,28
ABE Player 024,Aberdeen,Scottish Premiership,DM,29,1385,0.62,1.123,4.224,0.591,0.068,21.357,3.117,1.358,1.139,52.354,1.967,66.329,0.073,0.045,0.866,1.918,0.06,22.917,4.475,3133874,0
ABE Player 025,Aberdeen,Scottish Premiership,LW,29,1142,0.62,4.231,3.013,2.026,0.073,30.936,0.573,0.582,1.405,35.45,0.381,50.031,0.041,0.174,2.549,3.676,0.142,15.638,1.155,1280214,38
ABE Player 026,Aberdeen,Scottish Premiership,RW,29,873,0.62,4.234,3.417,1.259,0.01,19.451,0.523,0.403,1.073,28.923,0.408,30.869,0.095,0.155,1.35,3.001,0.112,5.829,0.926,604192,25
ABE Player 027,Aberdeen,Scottish Premiership,CB,31,832,0.62,1.021,3.587,0.125,0.086,4.023,0.878,1.814,0.267,62.124,4.744,61.265,0.054,0.037,0.279,1.35,0.059,4.638,2.692,1616642,45
ABE Player 028,Aberdeen,Scottish Premiership,RW,26,1823,0.62,4.154,3.388,2.343,0.222,28.268,0.768,0.57,2.65,47.117,0.477,72.118,0.021,0.274,1.252,3.877,0.14,9.319,1.338,2780394,6
ABE Player 029,Aberdeen,Scottish Premiership,LB,23,879,0.62,3.368,3.591,2.028,0.121,17.079,1.909,1.189,1.587,35.377,1.981,74.18,0.0,0.056,0.369,1.183,0.014,15.844,3.098,1158500,3
ABE Player 030,Aberdeen,Scottish Premiership,RB,25,2048,0.62,1.79,4.287,2.187,0.088,14.862,1.562,1.074,1.426,46.106,1.078,32.271,0.065,0.0,0.196,1.324,0.023,15.895,2.636,2097497,20
ABE Player 031,Aberdeen,Scottish Premiership,RWB,23,890,0.62,4.488,6.629,2.654,0.196,24.728,2.268,1.795,1.922,62.723,2.746,95.0,0.011,0.069,0.396,2.373,0.151,19.73,4.063,8978472,61
ABE Player 032,Aberdeen,Scottish Premiership,CB,20,1808,0.62,0.672,3.988,0.099,0.094,4.744,1.211,1.797,0.305,59.933,3.558,82.071,0.024,0.062,0.543,0.715,0.027,6.032,3.008,4701445,55
ABE Player 033,Aberdeen,Scottish Premiership,DM,20,1773,0.62,2.606,6.581,0.611,0.062,17.67,2.352,1.689,1.209,52.612,1.36,76.352,0.028,0.121,1.21,1.635,0.062,25.328,4.041,2558716,22
ABE Player 034,Aberdeen,Scottish Premiership,CM,29,120,0.62,2.72,4.274,0.583,0.082,15.636,1.768,1.866,1.839,47.056,1.714,87.534,0.034,0.117,1.233,3.367,0.116,17.215,3.634,3277242,14
HEA Player 035,Hearts,Scottish Premiership,RB,24,1731,0.61,2.993,4.89,1.536,0.127,14.495,1.212,1.188,1.426,38.834,2.336,57.193,0.018,0.029,0.423,1.2,0.049,13.186,2.4,1597724,1
HEA Player 036,Hearts,Scottish Premiership,RWB,24,1531,0.61,3.406,3.622,1.982,0.063,19.527,2.169,1.129,0.737,30.882,1.721,71.411,0.029,0.024,0.495,1.338,0.0,14.597,3.298,1961388,32
HEA Player 037,Hearts,Scottish Premiership,LW,30,1145,0.61,4.929,2.777,2.522,0.179,32.907,1.061,0.815,2.47,50.565,0.739,95.0,0.037,0.199,2.486,4.725,0.227,18.127,1.876,6126344,89
HEA Player 038,Hearts,Scottish Premiership,CM,23,1599,0.61,2.181,6.416,0.798,0.113,20.135,1.387,1.376,1.545,56.348,1.252,95.0,0.064,0.112,1.023,2.136,0.0,20.469,2.763,840023,2
HEA Player 039,Hearts,Scottish Premiership,RW,19,1087,0.61,4.377,4.517,2.328,0.217,44.635,0.953,0.578,2.514,40.507,0.446,83.497,0.035,0.263,2.327,5.03,0.21,20.605,1.531,4100249,1
HEA Player 040,Hearts,Scottish Premiership,AM,18,1838,0.61,1.949,5.728,0.722,0.159,27.659,1.395,1.571,1.294,46.034,1.476,95.0,0.062,0.14,1.61,3.143,0.11,20.553,2.966,5395128,20
HEA Player 041,Hearts,Scottish Premiership,CM,27,1551,0.61,2.35,5.022,0.715,0.125,14.29,2.393,1.317,0.923,39.927,1.004,87.255,0.03,0.135,1.22,2.208,0.097,22.117,3.71,1599996,14
HEA Player 042,Hearts,Scottish Premiership,RWB,24,2229,0.61,3.313,4.691,3.099,0.115,20.56,2.278,1.237,1.825,57.51,1.903,95.0,0.02,0.035,0.388,1.552,0.077,12.368,3.515,7531073,0
HEA Player 043,Hearts,Scottish Premiership,LW,34,654,0.61,4.947,3.525,2.401,0.222,34.377,1.174,0.651,3.087,36.672,0.582,72.169,0.044,0.261,2.388,4.196,0.195,13.729,1.825,2361531,23
HEA Player 044,Hearts,Scottish Premiership,DM,22,2482,0.61,1.998,5.802,0.625,0.112,17.057,1.619,1.21,1.508,46.748,1.31,85.569,0.041,0.081,1.402,2.69,0.097,23.256,2.829,6215208,58
HEA Player 045,Hearts,Scottish Premiership,CB,26,836,0.61,0.732,3.701,0.173,0.075,5.526,1.236,1.451,0.311,68.479,4.949,95.0,0.05,0.021,0.587,1.193,0.021,5.185,2.687,3607105,15
HEA Player 046,Hearts,Scottish Premiership,RB,23,186,0.61,2.352,3.4,2.923,0.067,20.707,1.539,1.08,1.225,40.205,2.473,33.444,0.028,0.004,0.412,1.481,0.0,14.255,2.619,2041579,31
HEA Player 047,Hearts,Scottish Premiership,CB,22,2003,0.61,0.912,5.231,0.005,0.0,3.103,1.129,1.636,0.214,50.607,3.785,95.0,0.041,0.029,0.392,0.695,0.029,4.069,2.765,3330654,2
HEA Player 048,Hearts,Scottish Premiership,CM,25,1821,0.61,2.025,3.544,0.581,0.06,10.193,1.401,1.28,1.253,39.04,1.377,86.573,0.068,0.138,1.357,1.192,0.0,21.632,2.681,1043522,9
HEA Player 049,Hearts,Scottish Premiership,RB,24,1127,0.61,2.175,3.344,3.439,0.092,19.736,1.396,1.058,1.087,20.0,1.287,43.444,0.013,0.063,0.364,1.766,0.016,13.983,2.454,1388492,40
HEA Player 050,Hearts,Scottish Premiership,ST,26,1918,0.61,0.993,1.185,0.381,0.087,17.062,0.47,0.314,2.538,59.733,0.714,52.833,0.015,0.434,2.653,4.854,0.183,12.596,0.784,1361642,55
HEA Player 051,Hearts,Scottish Premiership,CM,25,1078,0.61,2.159,4.768,0.764,0.062,20.24,1.699,1.517,1.086,43.904,1.082,62.862,0.059,0.105,1.355,2.429,0.036,18.985,3.216,1555197,26
HEA Player 052,Hearts,Scottish Premiership,AM,25,1408,0.61,1.844,3.85,0.781,0.168,27.924,1.58,1.594,2.007,62.788,1.413,87.6,0.0,0.176,1.877,2.153,0.1,17.323,3.174,3989024,19
HIB Player 053,Hibernian,Scottish Premiership,CB,26,2040,0.59,0.426,3.082,0.142,0.0,3.601,0.881,1.922,0.25,65.141,4.873,95.0,0.06,0.0,0.604,0.9,0.0,4.827,2.803,1615385,30
HIB Player 054,Hibernian,Scottish Premiership,CM,18,1469,0.59,1.427,4.545,0.759,0.133,21.086,2.63,1.656,1.587,78.297,1.256,77.146,0.041,0.101,0.971,3.102,0.105,17.909,4.286,5993052,18
HIB Player 055,Hibernian,Scottish Premiership,RW,19,1779,0.59,5.423,3.232,2.256,0.201,35.363,0.923,0.848,1.942,49.068,0.577,95.0,0.037,0.332,2.985,4.077,0.251,20.968,1.771,4992763,15
HIB Player 056,Hibernian,Scottish Premiership,DM,25,1739,0.59,2.844,3.138,0.668,0.138,14.875,2.583,2.397,1.247,59.717,1.431,86.523,0.014,0.163,0.883,3.099,0.138,21.666,4.98,8351465,0
HIB Player 057,Hibernian,Scottish Premiership,CB,23,1230,0.59,0.962,3.926,0.109,0.002,4.132,1.016,2.34,0.185,73.316,5.418,63.831,0.076,0.061,0.468,0.976,0.004,5.042,3.356,3286904,30
HIB Player 058,Hibernian,Scottish Premiership,CM,28,1975,0.59,2.071,4.699,0.549,0.057,20.463,1.931,1.402,0.648,40.32,1.576,79.392,0.005,0.18,1.167,2.295,0.185,26.462,3.333,3727418,9
HIB Player 059,Hibernian,Scottish Premiership,LW,24,1293,0.59,4.728,4.581,2.388,0.275,37.426,1.095,0.619,2.212,44.38,0.687,88.808,0.0,0.201,1.727,5.271,0.249,18.774,1.714,2846340,13
HIB Player 060,Hibernian,Scottish Premiership,CB,18,1296,0.59,1.165,5.269,0.156,0.084,5.441,1.251,2.347,0.279,78.763,5.582,90.841,0.02,0.048,0.567,1.082,0.094,4.873,3.598,9190592,0
HIB Player 061,Hibernian,Scottish Premiership,RWB,29,1764,0.59,3.008,2.489,2.415,0.174,18.019,1.68,1.301,1.615,25.879,1.276,79.299,0.058,0.011,0.235,1.081,0.0,12.061,2.981,2059825,15
HIB Player 062,Hibernian,Scottish Premiership,CB,23,162,0.59,1.067,4.544,0.158,0.0,5.903,1.059,2.081,0.221,55.057,6.198,85.839,0.049,0.054,0.673,1.129,0.0,4.567,3.14,3892577,31
HIB Player 063,Hibernian,Scottish Premiership,CB,22,1312,0.59,0.638,2.757,0.09,0.011,3.223,0.908,1.467,0.201,37.542,2.911,59.466,0.067,0.028,0.259,0.924,0.0,4.516,2.375,1313070,9
HIB Player 064,Hibernian,Scottish Premiership,CB,28,120,0.59,1.151,4.044,0.132,0.002,4.07,0.861,0.973,0.369,52.358,4.277,64.193,0.043,0.021,0.559,1.245,0.053,5.446,1.834,4143156,5
HIB Player 065,Hibernian,Scottish Premiership,CB,29,625,0.59,1.111,4.257,0.098,0.002,3.543,1.224,1.55,0.286,60.651,3.721,89.791,0.018,0.044,0.405,1.186,0.022,5.574,2.774,2559012,29
HIB Player 066,Hibernian,Scottish Premiership,RW,30,1793,0.59,3.63,2.697,2.317,0.192,35.579,1.077,0.466,2.913,39.585,0.544,62.634,0.0,0.281,1.745,5.016,0.188,21.812,1.543,3937373,6
HIB Player 067,Hibernian,Scottish Premiership,RWB,26,1299,0.59,1.843,4.722,1.549,0.123,17.952,2.463,0.902,1.332,59.908,2.42,64.926,0.032,0.034,0.333,1.431,0.0,12.982,3.365,2882826,19
HIB Player 068,Hibernian,Scottish Premiership,DM,25,1078,0.59,1.332,3.958,0.515,0.141,15.092,2.364,1.443,1.321,45.026,1.643,71.327,0.015,0.07,0.788,2.097,0.043,27.384,3.807,1257340,29
HIB Player 069,Hibernian,Scottish Premiership,AM,25,120,0.59,3.663,4.876,0.648,0.178,23.298,1.642,0.803,1.504,48.278,0.991,87.46,0.027,0.161,1.088,3.218,0.042,17.022,2.445,5065105,58
HIB Player 070,Hibernian,Scottish Premiership,LW,22,1597,0.59,4.044,2.795,1.923,0.103,27.036,0.95,0.439,2.127,29.419,0.513,69.508,0.04,0.163,2.391,3.738,0.138,17.076,1.389,2543333,50
ST  Player 071,St Mirren,Scottish Premiership,RW,21,1182,0.55,5.156,4.127,3.171,0.152,34.38,0.717,0.586,2.213,32.217,0.461,82.728,0.036,0.213,3.557,4.583,0.196,13.965,1.303,8881202,54
ST  Player 072,St Mirren,Scottish Premiership,CM,25,821,0.55,2.675,6.212,0.413,0.105,23.635,2.553,1.956,1.114,59.318,1.654,70.037,0.031,0.132,0.886,2.221,0.101,21.771,4.509,4592156,8
ST  Player 073,St Mirren,Scottish Premiership,LB,23,1283,0.55,1.755,4.979,2.527,0.104,21.658,1.055,0.74,1.492,45.435,2.09,71.655,0.048,0.052,0.384,0.884,0.054,16.321,1.795,3585219,8
ST  Player 074,St Mirren,Scottish Premiership,CM,30,980,0.55,2.245,5.118,0.45,0.11,19.594,1.783,1.423,1.197,60.887,0.951,70.995,0.06,0.033,0.782,1.131,0.065,14.234,3.206,1501923,42
ST  Player 075,St Mirren,Scottish Premiership,AM,23,1986,0.55,2.388,5.321,0.759,0.16,18.196,2.139,1.176,1.741,60.568,1.338,90.342,0.049,0.129,1.579,3.202,0.083,17.742,3.315,2638635,4
ST  Player 076,St Mirren,Scottish Premiership,LB,31,2476,0.55,2.66,4.902,1.784,0.055,7.259,1.459,0.711,1.183,22.168,1.827,78.762,0.024,0.0,0.301,1.033,0.0,11.641,2.17,829720,13
ST  Player 077,St Mirren,Scottish Premiership,RB,26,1465,0.55,2.358,4.863,2.759,0.1,20.905,1.561,1.412,1.659,22.089,2.625,36.252,0.044,0.036,0.312,1.283,0.08,8.97,2.973,5864071,19
ST  Player 078,St Mirren,Scottish Premiership,ST,20,2113,0.55,1.042,1.712,0.366,0.164,17.993,0.704,0.324,2.053,45.717,0.557,59.974,0.0,0.248,2.833,4.146,0.3,12.685,1.028,3482460,101
ST  Player 079,St Mirren,Scottish Premiership,RWB,17,1124,0.55,2.299,5.434,1.963,0.095,16.355,1.8,1.077,1.36,44.037,1.758,87.583,0.026,0.019,0.474,1.468,0.014,13.608,2.877,5387229,3
ST  Player 080,St Mirren,Scottish Premiership,CB,25,2573,0.55,0.983,3.786,0.116,0.025,3.606,1.201,1.867,0.272,55.638,3.54,95.0,0.05,0.093,0.538,1.251,0.057,5.202,3.068,3727021,116
ST  Player 081,St Mirren,Scottish Premiership,CM,26,1713,0.55,2.112,4.225,0.366,0.105,17.218,1.041,1.662,1.252,39.811,1.379,71.653,0.041,0.081,1.019,1.669,0.0,16.291,2.703,1324141,9
ST  Player 082,St Mirren,Scottish Premiership,RWB,17,1683,0.55,3.372,3.798,2.686,0.07,17.377,1.853,1.02,1.599,33.475,2.003,87.918,0.073,0.0,0.267,1.116,0.032,13.549,2.873,2328614,7
ST  Player 083,St Mirren,Scottish Premiership,CM,29,3300,0.55,2.321,4.916,0.409,0.087,14.857,1.358,1.944,1.428,53.756,1.179,83.78,0.036,0.132,1.105,1.951,0.025,12.32,3.302,3537749,23
ST  Player 084,St Mirren,Scottish Premiership,LB,24,148,0.55,2.721,4.354,1.649,0.079,19.704,1.778,1.045,1.115,34.394,1.967,72.478,0.042,0.035,0.364,1.571,0.027,9.481,2.823,711742,82
ST  Player 085,St Mirren,Scottish Premiership,CB,21,2051,0.55,0.778,4.986,0.05,0.0,4.035,1.253,1.812,0.345,62.382,4.789,76.826,0.055,0.04,0.56,1.185,0.023,4.023,3.065,2741573,23
ST  Player 086,St Mirren,Scottish Premiership,LB,22,1824,0.55,3.214,7.181,2.632,0.145,17.432,1.798,1.414,1.816,53.642,2.76,86.519,0.073,0.078,0.394,1.484,0.014,17.102,3.212,4748987,22
ST  Player 087,St Mirren,Scottish Premiership,AM,21,850,0.55,2.982,5.686,0.519,0.164,20.549,1.661,1.173,1.673,55.373,1.377,95.0,0.004,0.107,1.292,2.228,0.055,18.373,2.834,1859005,31
ST  Player 088,St Mirren,Scottish Premiership,AM,26,1941,0.55,3.586,5.211,0.35,0.079,14.206,1.726,1.303,1.12,65.154,1.278,91.334,0.024,0.12,1.415,1.518,0.073,18.202,3.029,2312183,10
DUN Player 089,Dundee,Scottish Premiership,LW,24,1943,0.52,4.39,2.908,2.434,0.217,31.286,1.03,0.795,3.054,51.988,0.478,84.936,0.017,0.224,1.748,5.052,0.162,18.35,1.825,4115601,1
DUN Player 090,Dundee,Scottish Premiership,DM,26,2970,0.52,2.261,4.252,0.466,0.172,15.274,1.781,1.723,1.32,40.933,1.4,95.0,0.009,0.146,1.245,1.818,0.015,16.803,3.504,4122468,60
DUN Player 091,Dundee,Scottish Premiership,LW,27,120,0.52,3.639,3.333,2.347,0.234,37.027,0.519,0.58,2.534,37.977,0.61,95.0,0.015,0.17,2.169,5.312,0.147,20.005,1.099,4887150,22
DUN Player 092,Dundee,Scottish Premiership,RB,32,1194,0.52,2.825,3.441,2.457,0.052,15.365,1.419,1.082,1.704,43.025,0.892,66.396,0.074,0.0,0.398,1.421,0.063,7.955,2.501,484102,25
DUN Player 093,Dundee,Scottish Premiership,RW,17,1267,0.52,3.877,4.008,2.094,0.223,32.898,0.968,0.66,2.9,36.943,0.572,83.819,0.034,0.329,2.08,4.964,0.221,20.358,1.628,3266754,0
DUN Player 094,Dundee,Scottish Premiership,RW,30,1660,0.52,3.852,2.266,2.344,0.189,30.65,0.91,1.004,2.831,46.545,0.644,95.0,0.0,0.242,2.693,4.074,0.183,15.706,1.914,6314322,40
DUN Player 095,Dundee,Scottish Premiership,LW,24,1678,0.52,1.724,2.486,1.845,0.173,35.161,0.937,0.395,1.732,33.385,0.682,86.535,0.034,0.146,2.133,2.806,0.115,13.357,1.332,2601783,21
DUN Player 096,Dundee,Scottish Premiership,CB,21,1577,0.52,0.841,4.591,0.036,0.0,4.506,1.04,1.135,0.337,75.281,4.413,50.184,0.018,0.05,0.406,0.833,0.01,4.765,2.175,2136542,39
DUN Player 097,Dundee,Scottish Premiership,AM,25,1096,0.52,1.473,4.962,0.495,0.009,18.461,1.289,1.696,0.722,29.175,1.342,95.0,0.036,0.129,0.616,1.362,0.054,22.915,2.985,1372998,29
DUN Player 098,Dundee,Scottish Premiership,LB,22,1539,0.52,2.56,6.409,2.537,0.159,21.062,1.746,1.226,1.784,63.799,2.385,95.0,0.0,0.114,0.553,2.609,0.06,14.651,2.972,9942096,40
DUN Player 099,Dundee,Scottish Premiership,CB,26,1012,0.52,0.872,4.6,0.064,0.0,2.27,0.839,1.17,0.276,44.204,3.646,66.857,0.081,0.054,0.477,0.944,0.0,5.081,2.009,2482621,9
DUN Player 100,Dundee,Scottish Premiership,DM,25,2045,0.52,2.659,4.109,0.606,0.09,17.034,2.038,1.66,1.477,59.613,1.391,93.745,0.058,0.061,1.303,2.817,0.057,10.03,3.698,2161335,65
DUN Player 101,Dundee,Scottish Premiership,RWB,28,1864,0.52,3.724,6.527,3.045,0.173,19.525,1.744,1.785,1.665,58.82,2.342,80.248,0.047,0.089,0.322,1.655,0.128,14.344,3.529,2674040,93
DUN Player 102,Dundee,Scottish Premiership,CB,23,2253,0.52,1.048,4.174,0.094,0.01,3.6,1.373,1.295,0.183,65.587,4.775,86.605,0.049,0.055,0.463,0.921,0.001,6.695,2.668,1282353,38
DUN Player 103,Dundee,Scottish Premiership,RW,22,194,0.52,3.98,1.755,2.429,0.229,40.341,0.895,0.634,2.887,48.411,0.637,64.378,0.035,0.152,2.395,6.606,0.197,21.462,1.529,2890415,20
DUN Player 104,Dundee,Scottish Premiership,CM,20,2373,0.52,1.933,7.063,0.688,0.155,22.621,2.454,1.654,1.881,58.875,1.547,82.836,0.036,0.17,0.927,2.0,0.161,23.219,4.108,3527519,50
DUN Player 105,Dundee,Scottish Premiership,RW,24,1683,0.52,3.944,2.64,2.204,0.228,26.259,0.646,0.784,2.246,37.206,0.385,75.426,0.037,0.221,3.093,4.42,0.168,23.183,1.43,5893591,8
DUN Player 106,Dundee,Scottish Premiership,AM,30,1019,0.52,2.634,4.148,0.59,0.129,28.617,2.226,1.301,1.238,54.133,1.053,92.349,0.021,0.09,1.837,2.505,0.155,16.951,3.527,2076103,130
RAP Player 107,Rapid Wien,Austria Bundesliga,RWB,25,2386,0.63,2.511,3.526,2.386,0.037,15.566,1.684,0.839,1.065,37.409,1.23,63.669,0.03,0.0,0.359,1.154,0.023,15.444,2.523,1892107,39
RAP Player 108,Rapid Wien,Austria Bundesliga,CM,30,1880,0.63,1.756,5.376,0.446,0.087,11.685,0.882,1.142,0.567,35.483,1.253,33.635,0.037,0.044,0.785,2.134,0.055,16.839,2.024,960291,40
RAP Player 109,Rapid Wien,Austria Bundesliga,CB,20,2092,0.63,1.066,4.428,0.152,0.0,4.811,1.344,1.925,0.385,69.898,4.114,93.581,0.04,0.082,0.675,1.018,0.073,7.002,3.269,3480979,23
RAP Player 110,Rapid Wien,Austria Bundesliga,CM,20,1439,0.63,1.936,5.133,0.576,0.224,20.313,2.188,1.597,1.342,56.348,2.055,95.0,0.035,0.122,0.952,2.85,0.172,27.173,3.785,6908463,12
RAP Player 111,Rapid Wien,Austria Bundesliga,AM,26,1294,0.63,2.154,5.312,0.34,0.107,20.405,1.72,1.372,0.867,23.151,0.839,81.634,0.042,0.009,1.653,2.524,0.073,18.986,3.092,1447398,24
RAP Player 112,Rapid Wien,Austria Bundesliga,RWB,35,1911,0.63,2.905,3.34,3.113,0.06,18.802,1.968,1.226,1.349,42.593,1.866,64.662,0.064,0.012,0.315,1.262,0.05,14.033,3.194,1616873,19
RAP Player 113,Rapid Wien,Austria Bundesliga,CB,23,2180,0.63,0.818,3.735,0.131,0.115,2.887,1.393,1.41,0.293,63.986,4.594,83.845,0.031,0.008,0.63,1.381,0.09,3.984,2.803,6070029,38
RAP Player 114,Rapid Wien,Austria Bundesliga,CB,24,2747,0.63,0.808,6.919,0.121,0.117,5.7,1.238,2.26,0.363,83.192,5.747,95.0,0.027,0.142,0.674,1.515,0.061,5.109,3.498,8843825,4
RAP Player 115,Rapid Wien,Austria Bundesliga,CM,23,2480,0.63,2.426,5.199,0.888,0.139,21.41,1.973,1.381,1.132,61.958,1.209,95.0,0.001,0.161,1.617,2.354,0.134,15.115,3.354,5974011,1
RAP Player 116,Rapid Wien,Austria Bundesliga,CB,17,690,0.63,0.692,4.059,0.096,0.04,4.344,1.396,1.59,0.299,64.346,4.337,71.912,0.039,0.041,0.458,0.883,0.0,3.467,2.986,2709671,27
RAP Player 117,Rapid Wien,Austria Bundesliga,LB,22,635,0.63,2.842,4.683,2.827,0.176,20.278,1.501,1.478,1.436,67.506,2.245,52.692,0.059,0.124,0.595,1.378,0.087,12.716,2.979,4854776,0
RAP Player 118,Rapid Wien,Austria Bundesliga,LW,28,2070,0.63,3.129,2.718,1.768,0.203,38.066,0.996,0.529,1.068,23.794,0.659,71.473,0.06,0.284,2.18,4.288,0.163,17.258,1.525,5872948,33
RAP Player 119,Rapid Wien,Austria Bundesliga,ST,19,2040,0.63,0.646,0.916,0.304,0.102,21.723,0.501,0.406,1.706,46.04,0.615,58.853,0.0,0.474,2.319,7.814,0.307,16.384,0.907,2751154,23
RAP Player 120,Rapid Wien,Austria Bundesliga,LW,25,1040,0.63,3.538,4.046,1.934,0.218,28.376,0.829,0.432,1.97,35.949,0.651,77.204,0.044,0.288,2.044,6.437,0.137,13.307,1.261,1682694,126
RAP Player 121,Rapid Wien,Austria Bundesliga,CB,29,1996,0.63,0.834,4.731,0.14,0.0,5.792,1.418,2.353,0.512,72.248,5.183,95.0,0.019,0.074,0.724,1.443,0.007,4.954,3.771,13217901,25
RAP Player 122,Rapid Wien,Austria Bundesliga,CM,24,2028,0.63,1.338,4.636,0.49,0.082,10.64,1.635,1.477,1.215,41.512,0.981,55.613,0.079,0.054,0.725,1.477,0.037,14.484,3.112,1846590,42
RAP Player 123,Rapid Wien,Austria Bundesliga,CM,28,942,0.63,1.753,4.167,0.398,0.055,14.34,1.363,1.16,1.465,44.708,1.663,76.831,0.049,0.083,1.076,2.614,0.009,20.204,2.523,1538515,6
RAP Player 124,Rapid Wien,Austria Bundesliga,RW,21,1544,0.63,2.219,2.807,1.399,0.064,25.165,0.551,0.419,2.07,20.0,0.306,61.783,0.072,0.139,2.059,2.799,0.181,9.059,0.97,1857872,18
STU Player 125,Sturm Graz,Austria Bundesliga,ST,20,1210,0.66,1.826,1.835,0.441,0.144,24.642,0.418,0.279,2.738,64.168,0.85,89.975,0.027,0.365,2.977,5.295,0.27,16.246,0.697,4753440,39
STU Player 126,Sturm Graz,Austria Bundesliga,CB,26,1522,0.66,0.814,4.494,0.139,0.006,4.24,1.11,1.605,0.247,80.768,5.682,95.0,0.042,0.174,0.502,1.211,0.026,5.62,2.715,5155194,19
STU Player 127,Sturm Graz,Austria Bundesliga,CB,25,959,0.66,0.921,3.714,0.081,0.139,3.99,0.911,1.548,0.312,71.892,5.225,95.0,0.053,0.018,0.463,0.953,0.0,6.315,2.459,4438418,51
STU Player 128,Sturm Graz,Austria Bundesliga,CM,17,2111,0.66,2.293,5.706,0.494,0.045,15.819,2.042,1.623,0.972,39.602,1.052,78.833,0.01,0.072,1.142,1.57,0.071,23.426,3.665,2382767,18
STU Player 129,Sturm Graz,Austria Bundesliga,AM,22,2306,0.66,3.079,5.455,0.537,0.14,24.04,2.101,1.195,1.263,45.646,1.325,62.932,0.052,0.068,1.723,3.666,0.122,23.724,3.296,3074180,3
STU Player 130,Sturm Graz,Austria Bundesliga,CB,22,955,0.66,1.004,2.808,0.08,0.079,3.11,1.4,1.522,0.33,75.14,5.133,95.0,0.073,0.004,0.522,1.149,0.048,5.299,2.922,1990817,4
STU Player 131,Sturm Graz,Austria Bundesliga,CM,29,1520,0.66,2.049,3.938,0.54,0.032,20.884,1.181,1.069,1.109,29.421,1.077,95.0,0.062,0.0,0.906,1.538,0.0,19.906,2.25,1023331,25
STU Player 132,Sturm Graz,Austria Bundesliga,CB,19,2174,0.66,0.534,2.667,0.106,0.0,2.541,1.209,1.018,0.285,29.452,4.327,55.909,0.067,0.0,0.324,0.943,0.0,4.354,2.227,1261263,30
STU Player 133,Sturm Graz,Austria Bundesliga,CB,26,2890,0.66,1.177,6.922,0.149,0.068,5.014,1.093,1.741,0.303,77.02,4.851,95.0,0.058,0.062,0.489,1.474,0.089,3.957,2.834,5893009,23
STU Player 134,Sturm Graz,Austria Bundesliga,LW,25,1930,0.66,3.579,2.675,2.023,0.161,18.917,0.743,0.611,2.093,33.542,0.553,59.393,0.022,0.256,2.825,5.122,0.103,15.38,1.354,3739630,27
STU Player 135,Sturm Graz,Austria Bundesliga,CB,24,1823,0.66,0.844,4.12,0.017,0.02,3.977,1.074,1.925,0.326,40.129,5.14,76.727,0.016,0.066,0.521,1.276,0.06,5.24,2.999,2977408,0
STU Player 136,Sturm Graz,Austria Bundesliga,CB,22,1956,0.66,0.696,3.643,0.101,0.025,5.369,0.999,1.618,0.316,59.632,3.899,55.158,0.031,0.0,0.404,0.833,0.045,5.434,2.617,2072260,19
STU Player 137,Sturm Graz,Austria Bundesliga,RW,26,2086,0.66,4.612,1.712,1.33,0.167,37.46,0.81,0.544,1.046,20.0,0.47,63.212,0.038,0.204,2.317,4.144,0.188,14.657,1.354,2202132,59
STU Player 138,Sturm Graz,Austria Bundesliga,CM,26,1797,0.66,2.877,6.352,0.445,0.172,17.907,1.952,1.13,1.519,44.771,1.3,83.514,0.074,0.118,1.183,1.977,0.13,18.947,3.082,3710936,51
STU Player 139,Sturm Graz,Austria Bundesliga,CB,18,2007,0.66,1.239,6.101,0.124,0.088,4.177,1.425,2.358,0.376,58.923,4.365,80.36,0.072,0.153,0.427,1.669,0.126,4.619,3.783,8750454,50
STU Player 140,Sturm Graz,Austria Bundesliga,CM,26,160,0.66,2.402,5.08,0.524,0.129,21.028,2.223,1.607,1.546,53.752,1.232,82.267,0.018,0.055,1.009,2.043,0.121,18.333,3.83,3016067,58
STU Player 141,Sturm Graz,Austria Bundesliga,LW,23,2409,0.66,3.437,3.104,2.812,0.172,34.975,0.948,0.521,2.593,27.914,0.476,95.0,0.018,0.259,2.235,4.747,0.205,14.893,1.469,5175526,14
STU Player 142,Sturm Graz,Austria Bundesliga,RB,30,1800,0.66,1.493,3.684,2.884,0.053,19.846,1.55,1.123,0.804,46.29,1.548,79.075,0.047,0.004,0.324,1.383,0.0,9.248,2.673,2063564,61
MID Player 143,Midtjylland,Danish Superliga,CM,21,779,0.64,1.566,6.809,0.644,0.123,21.708,2.233,1.342,1.648,55.043,1.047,90.477,0.063,0.16,0.975,2.444,0.135,24.115,3.575,6147457,28
MID Player 144,Midtjylland,Danish Superliga,RW,22,316,0.64,4.42,3.226,1.546,0.196,43.55,0.845,0.617,2.426,50.653,0.418,81.105,0.016,0.228,2.751,6.164,0.188,15.447,1.462,7019072,13
MID Player 145,Midtjylland,Danish Superliga,CM,30,2179,0.64,2.024,8.225,0.782,0.205,17.29,2.851,2.026,1.667,68.12,1.364,95.0,0.0,0.207,1.681,2.3,0.156,23.504,4.877,10906930,2
MID Player 146,Midtjylland,Danish Superliga,RW,24,2864,0.64,3.363,3.503,2.263,0.19,37.31,0.7,0.588,2.137,26.159,0.476,95.0,0.003,0.153,2.811,4.345,0.135,15.212,1.288,2354720,72
MID Player 147,Midtjylland,Danish Superliga,ST,24,2479,0.64,1.682,1.997,0.462,0.112,21.653,0.707,0.255,2.476,49.621,0.667,68.033,0.014,0.271,2.892,4.621,0.219,14.814,0.962,4906940,36
MID Player 148,Midtjylland,Danish Superliga,ST,19,2832,0.64,1.395,1.253,0.356,0.033,21.706,0.451,0.235,1.594,44.539,0.379,69.108,0.057,0.387,2.4,2.774,0.195,15.833,0.686,1632104,15
MID Player 149,Midtjylland,Danish Superliga,RW,19,1517,0.64,3.054,2.063,1.995,0.124,25.719,0.81,0.519,1.842,34.549,0.513,64.77,0.023,0.155,2.198,4.321,0.151,15.187,1.329,1880202,46
MID Player 150,Midtjylland,Danish Superliga,DM,24,2451,0.64,2.308,5.636,0.646,0.077,21.018,3.448,1.6,1.354,45.032,1.339,95.0,0.028,0.043,0.963,1.371,0.102,30.16,5.048,3564362,1
MID Player 151,Midtjylland,Danish Superliga,CM,29,1366,0.64,1.777,5.594,0.527,0.061,15.919,1.206,1.405,0.737,40.097,1.291,81.738,0.045,0.128,1.22,2.027,0.088,20.411,2.611,1443482,6
MID Player 152,Midtjylland,Danish Superliga,AM,28,941,0.64,2.556,4.56,0.308,0.118,12.185,1.264,1.626,1.633,31.109,0.99,74.679,0.039,0.084,1.717,2.122,0.093,11.32,2.89,1354457,5
MID Player 153,Midtjylland,Danish Superliga,RW,24,1342,0.64,3.551,2.717,2.213,0.033,22.314,0.754,0.534,2.18,33.728,0.425,60.358,0.06,0.165,1.885,4.166,0.2,13.601,1.288,2712361,67
MID Player 154,Midtjylland,Danish Superliga,CM,23,1383,0.64,2.297,5.978,0.526,0.087,27.562,1.92,1.327,1.805,55.626,1.462,89.217,0.028,0.07,1.193,2.323,0.17,21.274,3.247,2084021,17
MID Player 155,Midtjylland,Danish Superliga,CB,21,1934,0.64,0.576,3.365,0.081,0.0,2.725,1.096,1.41,0.297,41.418,4.742,56.633,0.023,0.0,0.497,1.368,0.02,5.118,2.506,2178507,9
MID Player 156,Midtjylland,Danish Superliga,LB,19,1811,0.64,2.602,2.722,2.311,0.047,20.638,1.581,1.335,1.0,39.44,1.338,61.035,0.027,0.0,0.233,0.596,0.0,12.879,2.916,981421,16
MID Player 157,Midtjylland,Danish Superliga,CB,27,560,0.64,0.584,5.846,0.029,0.0,3.057,0.808,2.113,0.437,54.382,3.187,44.091,0.046,0.007,0.508,1.156,0.036,4.545,2.921,1419974,43
MID Player 158,Midtjylland,Danish Superliga,CM,27,625,0.64,1.354,3.207,0.587,0.071,18.859,1.633,1.217,1.388,44.248,1.01,93.291,0.048,0.023,1.065,2.151,0.025,20.7,2.85,546982,27
MID Player 159,Midtjylland,Danish Superliga,RW,34,1506,0.64,3.921,1.541,1.598,0.187,24.758,0.628,0.728,2.682,36.906,0.43,67.738,0.014,0.162,1.738,3.274,0.085,15.919,1.356,1493953,88
MID Player 160,Midtjylland,Danish Superliga,RB,25,1385,0.64,3.484,5.197,2.595,0.108,14.684,1.578,1.158,1.21,52.979,2.657,70.801,0.002,0.04,0.381,1.815,0.015,16.791,2.736,4076222,8
BRO Player 161,Brondby,Danish Superliga,RB,28,1727,0.6,4.353,5.432,3.013,0.186,19.819,2.553,1.609,1.848,63.272,3.226,95.0,0.038,0.136,0.482,1.905,0.095,17.433,4.162,5651363,0
BRO Player 162,Brondby,Danish Superliga,CM,21,1962,0.6,2.038,3.821,0.532,0.118,19.777,1.503,1.417,1.845,46.858,1.009,78.433,0.039,0.094,0.76,1.574,0.059,17.987,2.92,2378742,20
BRO Player 163,Brondby,Danish Superliga,CM,24,1809,0.6,2.099,5.253,0.665,0.112,18.95,1.648,1.378,1.492,38.62,0.971,80.617,0.029,0.081,1.008,0.984,0.045,17.167,3.026,2173039,74
BRO Player 164,Brondby,Danish Superliga,AM,17,1237,0.6,2.211,6.105,0.675,0.121,20.555,2.084,1.328,1.026,29.245,1.037,91.586,0.045,0.088,1.023,2.764,0.009,20.189,3.412,2991409,36
BRO Player 165,Brondby,Danish Superliga,CB,25,1044,0.6,1.037,5.509,0.059,0.127,6.063,1.474,2.267,0.4,67.797,5.992,89.067,0.054,0.134,0.54,1.183,0.06,6.843,3.741,5260055,25
BRO Player 166,Brondby,Danish Superliga,CB,28,1352,0.6,0.701,4.711,0.063,0.028,3.84,0.917,1.449,0.375,62.909,3.476,86.974,0.121,0.045,0.449,1.384,0.0,4.966,2.366,4429465,21
BRO Player 167,Brondby,Danish Superliga,CB,30,1794,0.6,0.686,3.15,0.089,0.048,4.439,1.189,1.076,0.19,62.371,2.836,71.755,0.036,0.0,0.44,1.1,0.047,5.104,2.265,1509560,13
BRO Player 168,Brondby,Danish Superliga,RB,26,1768,0.6,1.654,4.45,1.91,0.0,21.945,1.262,0.99,1.159,30.352,1.205,91.443,0.067,0.0,0.219,1.505,0.0,10.461,2.252,545526,9
BRO Player 169,Brondby,Danish Superliga,AM,17,1901,0.6,3.984,6.255,0.754,0.229,34.605,2.134,1.766,1.709,65.529,1.473,95.0,0.043,0.213,2.285,3.061,0.22,25.895,3.9,25000000,0
BRO Player 170,Brondby,Danish Superliga,DM,26,2817,0.6,2.202,5.992,0.636,0.042,21.624,2.518,1.747,1.249,46.321,1.302,86.98,0.03,0.038,0.846,1.928,0.049,18.294,4.265,3062488,14
BRO Player 171,Brondby,Danish Superliga,AM,22,1863,0.6,1.616,5.074,0.259,0.12,25.315,1.27,1.173,1.304,32.941,1.144,53.567,0.042,0.089,1.446,1.931,0.0,10.698,2.443,1307162,102
BRO Player 172,Brondby,Danish Superliga,RW,27,1394,0.6,3.128,3.462,0.894,0.181,25.856,0.698,0.776,1.786,28.651,0.464,77.803,0.002,0.171,2.543,4.266,0.167,14.437,1.474,1727246,87
BRO Player 173,Brondby,Danish Superliga,RWB,28,1080,0.6,2.606,4.179,2.451,0.166,17.926,0.77,1.193,1.311,42.18,1.956,71.986,0.048,0.0,0.296,2.3,0.0,12.333,1.963,1008342,28
BRO Player 174,Brondby,Danish Superliga,CB,28,1856,0.6,0.643,5.742,0.069,0.098,5.09,1.42,1.525,0.33,60.39,4.833,85.532,0.067,0.054,0.486,1.052,0.061,4.447,2.945,1685198,31
BRO Player 175,Brondby,Danish Superliga,CM,19,1607,0.6,1.238,3.505,0.596,0.042,13.224,2.187,1.253,1.16,36.015,0.846,32.119,0.064,0.049,0.876,1.943,0.0,13.419,3.44,896327,96
BRO Player 176,Brondby,Danish Superliga,ST,18,1463,0.6,0.95,2.265,0.402,0.095,17.708,0.544,0.26,2.128,51.144,0.371,90.915,0.05,0.277,2.124,4.052,0.318,13.391,0.804,1906831,9
BRO Player 177,Brondby,Danish Superliga,CB,22,1104,0.6,1.052,5.759,0.125,0.076,4.698,1.015,2.501,0.348,82.766,4.659,95.0,0.059,0.099,0.63,1.603,0.123,6.694,3.516,3882596,4
BRO Player 178,Brondby,Danish Superliga,DM,25,646,0.6,1.357,5.027,0.388,0.115,18.953,2.935,1.927,1.161,54.766,1.005,65.143,0.0,0.093,0.851,1.995,0.021,20.182,4.862,2278972,72
AIK Player 179,AIK,Allsvenskan,LW,23,676,0.55,4.783,4.319,1.849,0.161,28.008,0.873,0.675,2.284,44.31,0.463,93.448,0.026,0.218,3.222,3.895,0.184,14.379,1.548,5694564,48
AIK Player 180,AIK,Allsvenskan,AM,25,1214,0.55,3.039,5.897,0.65,0.17,26.602,1.985,1.348,1.859,42.283,1.412,85.235,0.014,0.123,1.283,3.005,0.059,18.91,3.333,1918745,26
AIK Player 181,AIK,Allsvenskan,LB,28,700,0.55,2.675,6.372,3.114,0.084,16.42,2.068,1.252,1.486,60.754,1.892,86.884,0.038,0.048,0.415,1.122,0.002,15.071,3.32,3144169,22
AIK Player 182,AIK,Allsvenskan,LB,23,1672,0.55,3.365,4.937,2.434,0.151,11.083,1.554,1.187,1.026,43.904,1.388,82.182,0.042,0.0,0.289,1.543,0.0,4.897,2.741,3059195,29
AIK Player 183,AIK,Allsvenskan,DM,21,1102,0.55,2.798,7.112,0.669,0.129,21.623,1.71,1.969,1.165,53.122,1.436,94.889,0.0,0.118,1.289,2.264,0.077,26.057,3.679,3574852,33
AIK Player 184,AIK,Allsvenskan,AM,20,120,0.55,2.847,4.535,0.662,0.122,28.088,1.591,1.451,1.357,59.667,0.722,70.638,0.076,0.125,1.264,2.845,0.111,16.545,3.042,1904616,63
AIK Player 185,AIK,Allsvenskan,DM,24,1514,0.55,2.088,5.745,0.513,0.169,15.099,2.118,1.825,1.905,47.153,1.345,79.408,0.0,0.077,1.774,2.37,0.042,20.112,3.943,3943965,46
AIK Player 186,AIK,Allsvenskan,LW,22,2061,0.55,2.909,1.58,1.206,0.103,20.42,0.783,0.406,0.632,24.76,0.411,59.634,0.025,0.238,1.916,3.994,0.106,14.471,1.189,1630108,30
AIK Player 187,AIK,Allsvenskan,DM,28,1827,0.55,1.951,4.833,0.464,0.089,14.797,1.636,1.044,1.137,50.862,1.163,95.0,0.071,0.118,1.448,1.578,0.0,16.283,2.68,2477602,28
AIK Player 188,AIK,Allsvenskan,ST,26,2069,0.55,0.935,2.057,0.363,0.037,16.785,0.379,0.224,1.513,28.184,0.509,55.344,0.035,0.357,2.068,4.919,0.307,14.427,0.603,1808120,61
AIK Player 189,AIK,Allsvenskan,DM,22,371,0.55,2.355,5.966,0.67,0.094,15.675,2.468,1.877,1.196,60.196,1.232,75.986,0.055,0.094,1.199,2.126,0.0,16.167,4.345,2627599,15
AIK Player 190,AIK,Allsvenskan,CM,23,862,0.55,1.947,5.24,0.588,0.199,10.635,1.73,1.454,1.148,58.509,1.442,85.443,0.035,0.106,1.126,2.003,0.09,22.603,3.184,1959573,5
AIK Player 191,AIK,Allsvenskan,CM,25,1878,0.55,2.371,3.675,0.517,0.091,11.359,1.295,1.21,1.82,42.657,1.38,88.776,0.035,0.1,0.582,2.297,0.035,5.67,2.505,1224005,47
AIK Player 192,AIK,Allsvenskan,AM,21,701,0.55,2.594,4.793,0.742,0.094,24.665,1.809,0.952,0.946,47.703,1.665,91.904,0.0,0.157,1.39,3.171,0.054,20.168,2.761,3166209,14
AIK Player 193,AIK,Allsvenskan,CM,26,1902,0.55,2.386,4.711,0.44,0.179,15.792,1.592,1.379,1.315,44.205,1.194,82.197,0.0,0.175,1.066,2.229,0.014,17.178,2.971,2383703,75
AIK Player 194,AIK,Allsvenskan,LW,21,1255,0.55,5.032,1.659,1.415,0.075,22.591,0.647,0.389,1.812,20.0,0.383,90.796,0.036,0.169,1.393,3.268,0.151,18.307,1.036,3241919,41
AIK Player 195,AIK,Allsvenskan,DM,23,1419,0.55,1.784,6.227,0.892,0.102,20.083,2.459,2.016,1.203,65.449,1.984,95.0,0.021,0.125,1.296,3.35,0.135,19.132,4.475,9101572,0
AIK Player 196,AIK,Allsvenskan,RB,22,2159,0.55,3.287,3.823,2.403,0.128,16.987,1.723,1.389,1.4,50.158,2.776,80.733,0.035,0.0,0.34,1.354,0.003,13.668,3.112,5426822,62
MOL Player 197,Molde,Eliteserien,RW,17,1595,0.57,4.263,3.988,2.502,0.192,24.32,0.72,0.59,1.866,38.611,0.537,58.907,0.032,0.145,2.085,4.661,0.2,14.97,1.31,3953263,27
MOL Player 198,Molde,Eliteserien,ST,28,2327,0.57,1.873,2.125,0.47,0.063,30.471,0.573,0.288,2.172,52.325,0.423,84.865,0.024,0.355,2.76,5.058,0.322,19.833,0.861,5610951,31
MOL Player 199,Molde,Eliteserien,RWB,29,1010,0.57,1.754,5.469,3.509,0.101,10.183,1.891,0.972,1.201,50.221,2.083,69.661,0.033,0.011,0.308,1.386,0.031,12.416,2.863,1243549,15
MOL Player 200,Molde,Eliteserien,AM,26,2282,0.57,2.683,4.959,0.343,0.185,14.666,1.797,1.39,1.261,39.149,1.296,50.002,0.036,0.082,1.43,2.938,0.056,20.342,3.187,2270127,11
MOL Player 201,Molde,Eliteserien,CM,21,1828,0.57,1.42,3.629,0.668,0.074,19.594,2.132,1.084,0.97,65.426,1.318,78.378,0.027,0.059,1.325,1.746,0.121,18.013,3.216,2402265,14
MOL Player 202,Molde,Eliteserien,RW,23,2086,0.57,4.125,2.626,2.048,0.101,29.293,0.384,0.55,1.363,20.0,0.274,58.106,0.056,0.084,0.731,4.612,0.14,9.021,0.934,1128006,62
MOL Player 203,Molde,Eliteserien,RB,28,1075,0.57,2.8,4.271,2.314,0.104,18.191,1.35,1.397,1.132,43.204,1.889,83.878,0.048,0.004,0.499,1.362,0.019,18.024,2.747,2132018,64
MOL Player 204,Molde,Eliteserien,DM,24,2101,0.57,1.442,4.108,0.563,0.071,19.076,2.546,1.214,1.002,30.263,1.906,81.23,0.02,0.079,1.122,1.734,0.092,26.222,3.76,1573268,9
MOL Player 205,Molde,Eliteserien,CM,28,1461,0.57,1.682,6.148,0.557,0.091,20.271,1.74,1.34,1.308,55.846,1.6,93.083,0.036,0.073,1.249,2.077,0.014,17.837,3.08,2453617,13
MOL Player 206,Molde,Eliteserien,LW,29,1721,0.57,3.372,2.834,2.025,0.108,27.056,0.756,0.655,2.424,31.273,0.552,73.001,0.019,0.27,1.414,4.542,0.226,13.722,1.411,2531431,4
MOL Player 207,Molde,Eliteserien,CM,24,2430,0.57,1.809,4.94,0.707,0.095,11.807,1.924,1.097,1.823,53.507,1.078,77.991,0.011,0.16,1.678,2.449,0.086,18.867,3.021,3490095,105
MOL Player 208,Molde,Eliteserien,CB,30,418,0.57,0.708,3.616,0.078,0.12,2.819,1.159,1.774,0.276,58.412,3.2,79.076,0.063,0.043,0.601,1.218,0.013,3.429,2.933,1002456,21
MOL Player 209,Molde,Eliteserien,DM,20,777,0.57,1.51,2.641,0.361,0.035,9.624,1.896,1.596,0.9,34.294,1.309,54.702,0.08,0.086,1.014,1.974,0.0,20.38,3.492,1164653,61
MOL Player 210,Molde,Eliteserien,LW,23,1788,0.57,4.658,1.807,1.709,0.232,25.121,0.732,0.472,2.265,28.537,0.463,84.927,0.049,0.247,2.465,4.359,0.28,18.776,1.204,2850730,9
MOL Player 211,Molde,Eliteserien,AM,31,2510,0.57,2.192,6.197,0.508,0.094,26.724,2.158,1.785,1.552,57.626,1.077,89.078,0.0,0.183,1.349,3.299,0.159,18.437,3.943,4589422,8
MOL Player 212,Molde,Eliteserien,CM,22,1263,0.57,1.864,6.831,0.623,0.196,23.341,2.363,1.467,1.409,68.28,1.909,95.0,0.027,0.256,1.383,3.059,0.1,23.344,3.83,10115976,25
MOL Player 213,Molde,Eliteserien,LW,28,2324,0.57,6.323,3.383,2.238,0.259,39.722,0.788,0.585,2.816,40.11,0.588,95.0,0.041,0.18,2.587,5.81,0.144,16.808,1.373,4949658,17
MOL Player 214,Molde,Eliteserien,LW,21,1892,0.57,4.693,3.211,2.256,0.244,38.626,0.684,0.736,2.74,39.552,0.647,82.85,0.027,0.148,2.207,4.107,0.129,21.662,1.42,4992121,20
AZ  Player 215,AZ Alkmaar,Eredivisie,CM,28,1012,0.72,2.346,3.184,0.593,0.083,17.508,1.618,1.438,1.799,44.863,1.269,95.0,0.076,0.1,1.491,2.299,0.082,18.74,3.056,2033135,25
AZ  Player 216,AZ Alkmaar,Eredivisie,DM,23,1386,0.72,2.728,5.125,0.591,0.145,25.643,2.912,1.459,1.386,44.783,1.534,95.0,0.0,0.097,1.294,2.486,0.117,25.73,4.371,2905924,58
AZ  Player 217,AZ Alkmaar,Eredivisie,LB,19,1553,0.72,3.527,3.201,2.586,0.064,20.33,2.012,1.543,1.29,54.621,2.601,54.577,0.047,0.027,0.314,1.825,0.0,12.905,3.555,3610820,42
AZ  Player 218,AZ Alkmaar,Eredivisie,AM,24,2204,0.72,2.53,6.955,0.634,0.239,25.431,2.051,1.619,1.637,64.278,1.645,95.0,0.032,0.197,2.155,2.946,0.096,24.086,3.67,20023175,18
AZ  Player 219,AZ Alkmaar,Eredivisie,AM,31,880,0.72,2.67,2.817,0.701,0.133,25.571,1.844,1.233,0.91,42.477,0.861,83.845,0.077,0.123,1.57,2.219,0.05,19.146,3.077,1176633,33
AZ  Player 220,AZ Alkmaar,Eredivisie,CM,27,2126,0.72,2.032,4.031,0.531,0.127,18.778,1.874,1.769,0.963,32.858,0.885,68.958,0.046,0.049,1.142,1.904,0.016,18.995,3.643,2489795,13
AZ  Player 221,AZ Alkmaar,Eredivisie,CB,20,1067,0.72,0.738,3.625,0.053,0.029,4.376,1.307,1.719,0.21,54.864,4.173,77.972,0.078,0.075,0.406,1.259,0.058,4.238,3.026,4130687,19
AZ  Player 222,AZ Alkmaar,Eredivisie,CM,25,1402,0.72,1.703,5.811,0.592,0.106,19.205,1.376,1.143,0.72,53.206,0.904,84.828,0.052,0.051,1.081,2.659,0.137,22.666,2.519,3449995,7
AZ  Player 223,AZ Alkmaar,Eredivisie,CB,26,1138,0.72,0.911,4.114,0.115,0.0,2.842,1.565,2.511,0.321,44.296,3.711,90.81,0.027,0.03,0.509,1.267,0.011,3.332,4.076,3372436,60
AZ  Player 224,AZ Alkmaar,Eredivisie,DM,22,1000,0.72,2.401,6.35,0.854,0.089,18.23,2.494,1.697,1.664,52.113,1.332,94.315,0.048,0.147,1.337,2.374,0.093,18.619,4.191,5663924,12
AZ  Player 225,AZ Alkmaar,Eredivisie,DM,27,1796,0.72,1.474,4.92,0.606,0.107,19.5,2.535,1.43,1.109,61.422,1.647,75.637,0.039,0.099,1.192,2.993,0.075,21.317,3.965,1653881,14
AZ  Player 226,AZ Alkmaar,Eredivisie,RW,17,1988,0.72,3.407,4.295,1.352,0.255,36.854,0.608,0.792,3.213,45.603,0.674,86.088,0.025,0.355,3.058,3.663,0.157,16.976,1.4,5718911,16
AZ  Player 227,AZ Alkmaar,Eredivisie,LW,27,1940,0.72,3.689,1.524,1.736,0.144,29.039,0.808,0.59,1.939,34.701,0.567,68.634,0.032,0.175,2.181,3.622,0.159,15.038,1.398,2137901,18
AZ  Player 228,AZ Alkmaar,Eredivisie,AM,26,1700,0.72,2.589,7.701,0.616,0.12,21.135,1.359,1.972,1.789,58.661,1.107,95.0,0.026,0.213,1.764,4.01,0.126,19.429,3.331,4253220,0
AZ  Player 229,AZ Alkmaar,Eredivisie,CM,26,1563,0.72,1.852,5.632,0.58,0.077,12.982,1.897,0.356,1.244,66.944,0.695,69.084,0.041,0.112,1.073,1.822,0.072,16.795,2.253,5672149,31
AZ  Player 230,AZ Alkmaar,Eredivisie,AM,22,2295,0.72,1.061,4.4,0.668,0.092,18.077,0.842,1.302,1.264,23.203,1.28,82.409,0.065,0.116,1.35,2.635,0.0,10.251,2.144,1362723,25
AZ  Player 231,AZ Alkmaar,Eredivisie,RW,28,2296,0.72,3.866,2.032,1.715,0.147,6.407,1.102,0.605,1.708,44.828,0.413,69.136,0.072,0.189,1.943,4.999,0.157,14.151,1.707,2917113,144
AZ  Player 232,AZ Alkmaar,Eredivisie,RWB,25,2401,0.72,2.443,2.793,1.728,0.061,16.504,2.179,1.242,1.044,35.213,2.406,89.967,0.027,0.057,0.292,1.51,0.093,12.599,3.421,2053708,36
UTR Player 233,Utrecht,Eredivisie,LW,27,2276,0.66,3.638,2.157,1.865,0.128,22.815,1.073,0.634,2.37,39.878,0.558,66.005,0.028,0.23,2.165,3.899,0.098,15.871,1.707,2569410,2
UTR Player 234,Utrecht,Eredivisie,AM,34,1295,0.66,1.855,5.081,0.585,0.081,21.069,0.971,1.569,1.016,44.564,0.78,67.967,0.045,0.133,1.749,2.813,0.113,23.267,2.54,1526069,24
UTR Player 235,Utrecht,Eredivisie,CM,27,604,0.66,1.688,5.486,0.537,0.12,20.917,2.05,1.596,0.899,47.786,0.933,47.245,0.075,0.093,1.433,1.869,0.143,17.756,3.646,1537679,8
UTR Player 236,Utrecht,Eredivisie,CB,21,2382,0.66,1.229,4.266,0.133,0.052,5.182,1.74,2.061,0.46,81.742,4.914,95.0,0.078,0.122,0.572,1.205,0.088,7.369,3.801,7878134,30
UTR Player 237,Utrecht,Eredivisie,LW,23,1638,0.66,4.749,3.407,2.066,0.24,44.385,1.225,0.748,2.906,41.141,0.656,95.0,0.016,0.291,2.409,5.094,0.28,27.973,1.973,5284383,0
UTR Player 238,Utrecht,Eredivisie,CB,28,1934,0.66,1.014,3.529,0.095,0.024,2.815,0.946,1.354,0.352,66.322,5.143,54.828,0.062,0.0,0.633,0.722,0.069,4.215,2.3,4555534,42
UTR Player 239,Utrecht,Eredivisie,CB,26,1415,0.66,0.75,4.687,0.046,0.074,3.735,0.882,2.269,0.301,86.62,5.669,71.899,0.051,0.105,0.552,1.156,0.026,5.027,3.151,5099675,23
UTR Player 240,Utrecht,Eredivisie,LB,22,638,0.66,3.387,3.909,2.627,0.0,18.425,1.492,0.976,1.325,36.486,0.97,85.364,0.031,0.0,0.246,1.432,0.062,12.358,2.468,1066792,31
UTR Player 241,Utrecht,Eredivisie,LB,26,120,0.66,2.421,3.515,2.569,0.133,13.271,2.051,1.462,1.505,40.136,1.739,95.0,0.046,0.04,0.419,1.086,0.03,15.446,3.513,2014214,34
UTR Player 242,Utrecht,Eredivisie,CM,27,120,0.66,2.731,6.914,0.672,0.098,16.46,1.766,1.611,1.144,57.268,1.762,85.426,0.01,0.141,1.133,2.434,0.059,22.947,3.377,2543037,9
UTR Player 243,Utrecht,Eredivisie,CM,32,1487,0.66,1.94,4.508,0.618,0.163,17.518,1.626,1.552,1.53,67.484,1.378,95.0,0.01,0.081,0.947,1.622,0.121,21.572,3.178,2934261,5
UTR Player 244,Utrecht,Eredivisie,CM,21,120,0.66,1.646,4.31,0.461,0.142,21.343,2.531,1.269,1.413,37.708,1.172,77.994,0.057,0.151,0.962,2.486,0.079,18.592,3.8,2268863,11
UTR Player 245,Utrecht,Eredivisie,RW,25,1379,0.66,6.374,3.218,2.478,0.225,39.681,0.923,0.829,3.485,36.078,0.534,89.766,0.046,0.337,3.113,5.459,0.222,16.051,1.752,15083580,26
UTR Player 246,Utrecht,Eredivisie,CB,23,1457,0.66,1.079,2.905,0.135,0.024,3.235,0.724,1.688,0.393,84.031,4.912,95.0,0.067,0.027,0.459,0.973,0.0,6.389,2.412,2658343,8
UTR Player 247,Utrecht,Eredivisie,AM,31,2910,0.66,1.897,3.088,0.599,0.092,15.757,1.467,0.987,1.461,43.684,1.122,22.187,0.098,0.133,0.617,1.919,0.0,21.715,2.454,1212046,16
UTR Player 248,Utrecht,Eredivisie,CM,20,1573,0.66,1.426,5.331,0.782,0.067,20.652,2.006,2.022,1.372,51.224,1.527,69.406,0.022,0.12,1.398,2.425,0.065,21.448,4.028,8301244,5
UTR Player 249,Utrecht,Eredivisie,CM,24,490,0.66,2.029,7.147,0.627,0.117,25.414,2.463,1.695,1.718,53.356,1.401,86.068,0.012,0.202,1.217,2.347,0.143,22.307,4.158,4984539,17
UTR Player 250,Utrecht,Eredivisie,RB,23,1556,0.66,3.035,6.594,2.681,0.116,19.252,1.429,1.076,1.397,59.891,2.194,78.532,0.052,0.106,0.373,1.507,0.118,14.976,2.505,4519592,40
GEN Player 251,Genk,Belgian Pro League,CM,25,2152,0.68,1.726,3.317,0.398,0.043,17.211,1.433,1.024,1.132,30.306,1.136,90.225,0.048,0.08,0.501,1.936,0.159,15.888,2.457,1764730,49
GEN Player 252,Genk,Belgian Pro League,DM,17,1916,0.68,2.866,5.604,0.819,0.126,27.993,2.414,2.223,1.478,57.568,2.312,95.0,0.0,0.102,1.164,2.662,0.186,22.735,4.637,23798469,0
GEN Player 253,Genk,Belgian Pro League,DM,28,2913,0.68,1.439,5.416,0.3,0.07,18.592,1.737,1.51,1.483,56.557,1.118,56.615,0.077,0.0,0.812,1.618,0.0,16.046,3.247,3232997,27
GEN Player 254,Genk,Belgian Pro League,RW,25,2485,0.68,3.977,1.856,1.392,0.092,32.869,0.598,0.763,2.257,33.982,0.425,85.816,0.009,0.277,2.29,4.28,0.191,16.345,1.361,4629376,8
GEN Player 255,Genk,Belgian Pro League,AM,30,1427,0.68,3.234,6.896,0.557,0.197,34.308,1.881,1.545,1.29,49.323,1.727,74.368,0.064,0.179,2.175,2.618,0.12,18.33,3.426,3786371,28
GEN Player 256,Genk,Belgian Pro League,RW,20,2023,0.68,3.944,3.568,2.313,0.065,22.564,0.755,0.507,1.275,32.779,0.429,93.175,0.065,0.129,1.373,4.417,0.168,10.688,1.262,1802107,8
GEN Player 257,Genk,Belgian Pro League,AM,22,1388,0.68,1.91,6.323,0.527,0.056,18.754,0.981,0.926,1.477,40.125,1.491,70.164,0.064,0.0,1.295,2.222,0.117,20.09,1.907,1096529,69
GEN Player 258,Genk,Belgian Pro League,CB,25,1418,0.68,1.127,4.903,0.182,0.11,5.365,1.762,2.221,0.365,88.812,5.249,95.0,0.067,0.086,0.547,1.625,0.108,6.239,3.983,6354923,25
GEN Player 259,Genk,Belgian Pro League,CM,25,1722,0.68,2.271,6.306,0.689,0.078,19.91,1.747,0.991,1.416,47.241,1.768,95.0,0.049,0.095,0.83,1.214,0.024,17.963,2.738,1254884,14
GEN Player 260,Genk,Belgian Pro League,RW,21,1328,0.68,5.491,3.065,2.386,0.211,31.598,0.842,0.845,2.47,34.577,0.599,92.285,0.012,0.31,2.724,7.272,0.262,23.946,1.687,20649706,38
GEN Player 261,Genk,Belgian Pro League,CM,22,1619,0.68,2.004,4.118,0.471,0.097,16.105,0.966,0.884,0.901,35.793,1.206,80.183,0.062,0.123,1.148,1.928,0.095,21.017,1.85,2527656,68
GEN Player 262,Genk,Belgian Pro League,AM,23,2299,0.68,2.336,7.648,0.573,0.131,26.716,2.025,1.228,1.714,63.573,1.679,91.456,0.024,0.245,0.889,2.593,0.138,18.458,3.253,7753656,14
GEN Player 263,Genk,Belgian Pro League,CB,27,1396,0.68,0.821,3.777,0.017,0.025,3.422,1.438,1.809,0.354,46.092,3.921,58.558,0.08,0.086,0.358,0.939,0.013,5.314,3.247,1193128,4
GEN Player 264,Genk,Belgian Pro League,CM,22,1655,0.68,2.043,5.079,0.731,0.124,16.569,1.903,1.577,1.812,57.943,1.551,77.004,0.031,0.107,0.933,2.606,0.118,18.786,3.48,5010844,27
GEN Player 265,Genk,Belgian Pro League,ST,23,1512,0.68,1.329,0.977,0.343,0.106,23.928,0.706,0.357,2.619,51.281,0.777,68.891,0.0,0.516,3.229,5.32,0.337,16.475,1.063,4006431,10
GEN Player 266,Genk,Belgian Pro League,CB,23,1255,0.68,0.77,3.214,0.047,0.0,3.957,1.176,1.615,0.237,45.029,2.839,60.567,0.048,0.004,0.323,0.558,0.023,3.724,2.791,1060344,11
GEN Player 267,Genk,Belgian Pro League,DM,22,1409,0.68,1.533,7.914,0.97,0.024,19.964,2.127,1.807,1.358,61.965,1.593,78.552,0.04,0.085,0.879,3.054,0.076,20.921,3.934,4779225,33
GEN Player 268,Genk,Belgian Pro League,ST,18,650,0.68,1.258,1.033,0.446,0.035,27.517,0.658,0.271,2.496,33.875,0.646,61.379,0.018,0.326,2.484,6.51,0.254,18.188,0.929,1342170,84
STA Player 269,Standard Liege,Belgian Pro League,CM,22,1326,0.61,2.792,6.938,0.609,0.131,16.915,1.616,1.214,1.311,55.012,0.857,90.212,0.054,0.101,0.898,2.376,0.001,25.046,2.83,4121265,47
STA Player 270,Standard Liege,Belgian Pro League,AM,19,1937,0.61,3.739,6.67,0.577,0.11,18.894,2.476,1.296,1.79,56.935,1.377,84.64,0.033,0.136,1.745,2.736,0.079,22.821,3.772,4525056,33
STA Player 271,Standard Liege,Belgian Pro League,ST,31,2555,0.61,1.44,1.778,0.553,0.102,21.55,0.74,0.329,3.503,39.666,0.726,95.0,0.006,0.332,3.703,5.427,0.348,12.028,1.069,7045465,57
STA Player 272,Standard Liege,Belgian Pro League,AM,30,1312,0.61,1.339,3.839,0.346,0.072,23.78,1.426,1.314,0.94,42.26,1.502,66.207,0.02,0.158,1.104,2.801,0.053,18.804,2.74,1483851,19
STA Player 273,Standard Liege,Belgian Pro League,ST,27,1296,0.61,1.329,1.788,0.331,0.11,23.117,0.467,0.309,2.565,44.096,0.61,60.54,0.038,0.417,3.574,3.683,0.17,13.469,0.776,1982837,17
STA Player 274,Standard Liege,Belgian Pro League,CM,19,1809,0.61,2.142,4.668,0.767,0.096,24.418,1.519,1.61,1.287,44.937,1.354,78.177,0.0,0.151,1.373,2.758,0.07,14.121,3.129,2713310,23
STA Player 275,Standard Liege,Belgian Pro League,RB,33,1860,0.61,2.071,5.886,2.535,0.088,19.709,1.499,1.234,0.994,54.725,1.956,95.0,0.027,0.0,0.46,1.235,0.0,12.986,2.733,1999191,2
STA Player 276,Standard Liege,Belgian Pro League,DM,22,1403,0.61,1.989,4.23,0.607,0.145,14.567,2.04,1.249,1.57,48.049,1.223,86.149,0.018,0.046,0.887,2.582,0.046,21.142,3.289,2364690,44
STA Player 277,Standard Liege,Belgian Pro League,DM,24,3063,0.61,1.914,6.306,0.902,0.054,16.329,2.221,1.667,1.312,39.111,1.953,65.664,0.055,0.118,0.968,1.612,0.08,17.561,3.888,5938129,1
STA Player 278,Standard Liege,Belgian Pro League,CB,25,2486,0.61,0.722,3.352,0.079,0.003,3.125,0.651,1.42,0.306,60.432,5.343,95.0,0.082,0.058,0.645,1.449,0.055,5.444,2.071,2576290,24
STA Player 279,Standard Liege,Belgian Pro League,LB,21,1425,0.61,2.974,3.03,2.021,0.088,13.994,1.711,0.563,1.676,42.066,1.518,78.187,0.048,0.017,0.138,1.244,0.0,14.446,2.274,457770,91
STA Player 280,Standard Liege,Belgian Pro League,RB,19,842,0.61,2.313,5.384,2.29,0.064,16.971,1.897,1.192,1.477,53.445,2.53,76.939,0.027,0.061,0.303,1.305,0.003,13.089,3.089,2505842,41
STA Player 281,Standard Liege,Belgian Pro League,CB,23,1435,0.61,0.634,2.981,0.041,0.0,2.773,1.345,1.569,0.199,52.349,3.826,89.745,0.08,0.0,0.562,1.192,0.0,3.865,2.914,1563688,25
STA Player 282,Standard Liege,Belgian Pro League,CM,22,1251,0.61,1.931,3.59,0.644,0.012,15.838,1.952,0.594,1.636,36.93,1.059,80.404,0.058,0.104,1.054,2.413,0.055,23.7,2.546,1983528,6
STA Player 283,Standard Liege,Belgian Pro League,LW,30,1567,0.61,4.058,3.507,2.153,0.255,36.452,1.052,0.417,2.442,42.33,0.586,95.0,0.02,0.304,1.41,5.479,0.178,15.118,1.469,4549146,59
STA Player 284,Standard Liege,Belgian Pro League,RW,28,2114,0.61,3.489,2.415,2.314,0.156,23.408,0.522,0.694,1.936,36.946,0.619,54.58,0.027,0.234,2.598,3.184,0.18,19.133,1.216,2556715,20
STA Player 285,Standard Liege,Belgian Pro League,RW,26,1914,0.61,4.429,3.123,1.839,0.071,25.776,0.737,0.392,1.782,21.01,0.502,68.652,0.047,0.188,2.069,3.537,0.098,11.648,1.129,1533519,27
STA Player 286,Standard Liege,Belgian Pro League,CM,22,1321,0.61,2.294,6.185,1.176,0.192,18.449,2.645,1.566,1.928,60.419,1.456,95.0,0.034,0.193,1.333,2.846,0.194,25.23,4.211,21308221,38
