player,team,league,position,age,minutes,league_strength,progressive_carries_p90,progressive_passes_p90,crosses_p90,xA_p90,touches_att_3rd_p90,tackles_p90,interceptions_p90,miscontrols_p90,aerial_win_pct,clearances_p90,pass_completion_pct,errors_p90,npxG_p90,shots_p90,touches_box_p90,goals_p90,pressures_p90,tackles_interceptions_p90,market_value_eur,injury_days_last_2y,role_family,availability_ratio,z_aerial_win_pct,z_clearances_p90,z_crosses_p90,z_errors_p90,z_goals_p90,z_miscontrols_p90,z_npxG_p90,z_pass_completion_pct,z_pressures_p90,z_progressive_carries_p90,z_progressive_passes_p90,z_shots_p90,z_tackles_interceptions_p90,z_touches_att_3rd_p90,z_touches_box_p90,z_xA_p90,role_performance_raw,role_metric_coverage,role_performance,minutes_reliability,reliability,role_performance_reliable,market_value_pred_log_oof,market_value_pred_eur_oof,value_residual_log,cost_pressure,value_intelligence
ABE Player 030,Aberdeen,Scottish Premiership,RB,25,2048,0.62,1.79,4.287,2.187,0.088,14.862,1.562,1.074,1.426,46.106,1.078,32.271,0.065,0.0,0.196,1.324,0.023,15.895,2.636,2097497,20,RWB,0.9305555555555556,0.20119220886010902,-1.3160244444444438,-0.6030298013245032,1.6862500000000005,0.0,0.19524999999999934,-0.6745,-2.571114411667766,1.2440173387096767,-1.3597704590818365,-0.11771252676659545,-2.0744056603773586,-0.4567328571428572,-1.2401843331391937,-0.4994389312977098,-0.15230645161290338,-0.6149647706573155,1.0,0.30005996319299144,1.0,0.9791666666666666,0.30005996319299144,14.47503268098137,1933866.9625643245,-0.08122308282558421,0.38050792510432474,0.43193895748831684
ABE Player 032,Aberdeen,Scottish Premiership,CB,20,1808,0.62,0.672,3.988,0.099,0.094,4.744,1.211,1.797,0.305,59.933,3.558,82.071,0.024,0.062,0.543,0.715,0.027,6.032,3.008,4701445,55,CB,0.8090277777777778,-0.16422960151802662,-1.254130360205834,0.019838235294117663,-1.1382187499999994,0.0,-0.014663043478260888,0.3147666666666666,-0.24656152302492587,1.504219665271967,-0.6993282208588952,-0.14831937172774845,0.38221666666666737,0.16862500000000022,0.6630677966101688,-1.5704776119403001,1.86162,-0.15572425620936686,0.9999999999999999,0.45009484912976727,1.0,0.9427083333333333,0.45009484912976727,14.740109483667608,2520856.0066268346,-0.6232711952696448,0.5822759338059659,0.2414954324706802
HEA Player 035,Hearts,Scottish Premiership,RB,24,1731,0.61,2.993,4.89,1.536,0.127,14.495,1.212,1.188,1.426,38.834,2.336,57.193,0.018,0.029,0.423,1.2,0.049,13.186,2.4,1597724,1,RWB,0.9965277777777778,-0.3029669030732859,0.5695777777777774,-2.0570016556291386,-0.9555416666666672,0.7624782608695653,0.19524999999999934,0.54803125,-1.185988422874094,-0.2295475806451616,0.25983732534930154,0.31775160599571695,0.814490566037736,-0.9115385714285719,-1.3843552708211977,-1.1378969465648858,0.696258064516129,-0.3991726454941391,1.0,0.3705597250091524,0.9806460455570433,0.9854105652232635,0.3730649061944091,14.369431639578,1740061.5861194355,0.08534033919148598,0.31247126709231465,0.4904594550229424
HEA Player 036,Hearts,Scottish Premiership,RWB,24,1531,0.61,3.406,3.622,1.982,0.063,19.527,2.169,1.129,0.737,30.882,1.721,71.411,0.029,0.024,0.495,1.338,0.0,14.597,3.298,1961388,32,RWB,0.8888888888888888,-0.8542696063315859,-0.35223888888888855,-1.0608857615894034,-0.33725000000000016,-0.6745,-1.8430416666666654,0.33725,-0.39577410184574807,0.5379681451612897,0.8158622754491024,-0.5979507494646682,1.730792452830189,0.8190357142857138,0.5923972044263253,-0.42735496183206084,-0.696258064516129,0.17630751300644654,1.0,0.5585703582680769,0.9222556888171282,0.9122456488386563,0.5540168461087912,14.545802087795124,2075684.6437614271,0.05663863410950576,0.3637359464940629,0.4803753798931853
HEA Player 042,Hearts,Scottish Premiership,RWB,24,2229,0.61,3.313,4.691,3.099,0.115,20.56,2.278,1.237,1.825,57.51,1.903,95.0,0.02,0.035,0.388,1.552,0.077,12.368,3.515,7531073,0,RWB,1.0,0.9918179669030732,-0.07944111111111098,1.4338708609271529,-0.8431250000000003,1.5836086956521738,1.3756249999999983,0.8009687500000001,0.915265820698748,-0.6745,0.6906556886227551,0.1740412205567449,0.3690660377358494,1.2372257142857137,0.9981971461852055,0.6745,0.4351612903225807,0.5924332152569005,1.0,0.6945195402507652,1.0,1.0,0.6945195402507652,15.724664259300194,6747375.08617406,-0.10988395978733578,0.7000601014841807,0.42186922693602014
HEA Player 047,Hearts,Scottish Premiership,CB,22,2003,0.61,0.912,5.231,0.005,0.0,3.103,1.129,1.636,0.214,50.607,3.785,95.0,0.041,0.029,0.392,0.695,0.029,4.069,2.765,3330654,2,CB,0.9930555555555556,-0.7924516129032255,-0.9915034305317338,-1.8449558823529408,-0.4215624999999996,0.04996296296296301,-1.3490000000000004,-0.42718333333333325,0.6745,-1.2657458158995825,0.2938006134969327,1.3148630017451997,-1.3152750000000013,-0.3023620689655164,-0.7800280312907428,-1.6375920398009967,-0.6744999999999999,0.13268893572008728,0.9999999999999999,0.5443200731516815,1.0,0.9979166666666666,0.5443200731516815,14.501178842851244,1985097.003353645,-0.5175006964598197,0.49610629483708996,0.278656906099639
HEA Player 049,Hearts,Scottish Premiership,RB,24,1127,0.61,2.175,3.344,3.439,0.092,19.736,1.396,1.058,1.087,20.0,1.287,43.444,0.013,0.063,0.364,1.766,0.016,13.983,2.454,1388492,40,RWB,0.8611111111111112,-1.6087057251516086,-1.0027566666666663,2.1932417218543048,-1.236583333333334,-0.20528260869565215,-0.8076249999999997,1.98134375,-1.9501364535266978,0.20398185483870962,-0.8414421157684633,-0.7987119914346896,0.06363207547169818,-0.807472857142857,0.6745,1.7763549618320609,-0.06527419354838716,0.05819147880556291,1.0,0.5199815901583275,0.7912718313646145,0.8122236152885636,0.5158108694381569,14.573223571978723,2133390.6004051557,0.4294940276740338,0.2773831270887027,0.6113746285615311
HEA Player 050,Hearts,Scottish Premiership,ST,26,1918,0.61,0.993,1.185,0.381,0.087,17.062,0.47,0.314,2.538,59.733,0.714,52.833,0.015,0.434,2.653,4.854,0.183,12.596,0.784,1361642,55,ST,0.8090277777777778,1.609102066293585,0.6679195121951216,0.11497159090909105,-0.2791034482758619,-2.31544776119403,0.5100459363957593,0.7633875968992249,-1.1239773333333332,-0.805857332546474,-0.7343740942028986,-0.8663302752293578,-0.10918532526475051,-0.28949778761061945,-0.9368337343961488,-0.034225214676034094,-0.6475200000000004,-0.382241039466963,1.0000000000000002,0.37609131793071227,1.0,0.9427083333333333,0.37609131793071227,14.981860116836705,3210251.3856762946,0.857657500040574,0.27250171504751086,0.7618058524497804
HIB Player 053,Hibernian,Scottish Premiership,CB,26,2040,0.59,0.426,3.082,0.142,0.0,3.601,0.881,1.922,0.25,65.141,4.873,95.0,0.06,0.0,0.604,0.9,0.0,4.827,2.803,1615385,30,CB,0.8958333333333334,0.18659392789373824,0.26725471698113223,0.8728823529411761,0.37940624999999983,-0.6745,-0.8211304347826088,-1.0792,0.6745,-0.19614121338912177,-1.7172852760736192,-1.2148062827225123,1.067958333333334,-0.22870977011494212,-0.3420867014341591,-0.9496691542288566,-0.6744999999999999,-0.32171761739224486,0.9999999999999999,0.3958644530130982,1.0,0.96875,0.3958644530130982,14.716423279776212,2461848.069376822,0.42133878440756156,0.31521938577782993,0.6085093602589806
HIB Player 057,Hibernian,Scottish Premiership,CB,23,1230,0.59,0.962,3.926,0.109,0.002,4.132,1.016,2.34,0.185,73.316,5.418,63.831,0.076,0.061,0.468,0.976,0.004,5.042,3.356,3286904,30,CB,0.8958333333333334,0.7372817836812141,0.8977907375643234,0.21822058823529403,1.0539062499999994,-0.574574074074074,-1.7742282608695656,0.2922833333333333,-1.5459785065483724,0.1072426778242673,0.50070245398773,-0.2213019197207674,-0.4609083333333336,0.8431249999999993,0.12487483702737887,-0.6946343283582097,-0.62054,0.03222664096503873,0.9999999999999999,0.5114988205393342,0.8266397845091497,0.8473978491564047,0.5095053825327446,14.713109428263365,2453703.369729984,-0.29234752223122307,0.4928008642087341,0.35776236405551215
HIB Player 063,Hibernian,Scottish Premiership,CB,22,1312,0.59,0.638,2.757,0.09,0.011,3.223,0.908,1.467,0.201,37.542,2.911,59.466,0.067,0.028,0.259,0.924,0.0,4.516,2.375,1313070,9,CB,0.96875,-1.6725417457305494,-2.002674957118356,-0.1587058823529413,0.6745,-0.6745,-1.5396195652173914,-0.44966666666666666,-1.8569409590198556,-0.6349895397489546,-0.8400214723926377,-1.5973760907504349,-2.8104166666666694,-1.058267241379309,-0.6745,-0.8691318407960206,-0.37772000000000006,-1.442984440307171,0.9999999999999999,0.02954411630900838,0.8537498983243799,0.8882499288270658,0.09834833713270963,13.95792543895676,1153053.929888927,-0.12995378750442477,0.2634214624127729,0.41481788103296885
HIB Player 067,Hibernian,Scottish Premiership,RWB,26,1299,0.59,1.843,4.722,1.549,0.123,17.952,2.463,0.902,1.332,59.908,2.42,64.926,0.032,0.034,0.333,1.431,0.0,12.982,3.365,2882826,19,RWB,0.9340277777777778,1.1580684551341351,0.6954844444444441,-2.027966887417218,-0.1686250000000002,-0.6745,-0.08283333333333334,0.7588125,-0.756200313117996,-0.34051370967741995,-1.2884161676646708,0.1964282655246254,-0.3308867924528298,0.9481542857142854,-0.026320034944669574,0.05148854961832065,0.6092258064516128,-0.29315568315307194,1.0,0.40519569973652664,0.8495096624916438,0.874865097077484,0.4194628308804203,14.530244899628563,2043642.6991538533,-0.34403706825426994,0.460009267100406,0.33960172641985154
ST  Player 077,St Mirren,Scottish Premiership,RB,26,1465,0.55,2.358,4.863,2.759,0.1,20.905,1.561,1.412,1.659,22.089,2.625,36.252,0.044,0.036,0.312,1.283,0.08,8.97,2.973,5864071,19,RWB,0.9340277777777778,-1.46387783944907,1.0027566666666663,0.6745,0.5058749999999999,1.6715869565217392,0.8845416666666657,0.8431249999999999,-2.349856624917601,-2.5228475806451605,-0.5950678642714569,0.2982532119914348,-0.5981415094339623,0.19271428571428498,1.1337256843331387,-0.710541984732825,0.10879032258064526,0.09704350195531068,1.0,0.5326746315566732,0.9021579068482906,0.9117188681271367,0.5294776772122074,14.273729476131722,1581254.130648698,-1.3106253246498465,0.6375158448820893,0.0
ST  Player 078,St Mirren,Scottish Premiership,ST,20,2113,0.55,1.042,1.712,0.366,0.164,17.993,0.704,0.324,2.053,45.717,0.557,59.974,0.0,0.248,2.833,4.146,0.3,12.685,1.028,3482460,101,ST,0.6493055555555556,-0.018757081360310377,-0.36521707317073177,-0.11497159090909105,-0.976862068965517,0.040268656716417946,-0.6458992932862185,-1.1816821705426355,-0.44796266666666706,-0.7704306580112127,-0.6146259057971014,-0.051051605504587365,0.25816717095310127,1.1669446902654868,-0.7479453301248304,-0.7798083528493366,3.0,-0.2686010907856915,1.0000000000000002,0.4132177390583241,1.0,0.8947916666666667,0.4132177390583241,14.840638624875307,2787451.4181289785,-0.2226111608466823,0.5072481264137081,0.3822635811598265
ST  Player 080,St Mirren,Scottish Premiership,CB,25,2573,0.55,0.983,3.786,0.116,0.025,3.606,1.201,1.867,0.272,55.638,3.54,95.0,0.05,0.093,0.538,1.251,0.057,5.202,3.068,3727021,116,CB,0.5972222222222222,-0.4535512333965845,-1.2749554030874803,0.35708823529411765,-0.04215624999999973,0.7494444444444445,-0.4985434782608693,1.01175,0.6745,0.3330167364016735,0.587601226993865,-0.3861012216404882,0.3260083333333339,0.28491810344827606,-0.33768970013037825,0.2281890547263678,0.0,-0.08853756809953474,0.9999999999999999,0.47204488787829957,1.0,0.8791666666666667,0.47204488787829957,14.92046205626836,3019077.0348506607,-0.2106580250465555,0.524214588649068,0.3864632034157302
ST  Player 085,St Mirren,Scottish Premiership,CB,21,2051,0.55,0.778,4.986,0.05,0.0,4.035,1.253,1.812,0.345,62.382,4.789,76.826,0.055,0.04,0.56,1.185,0.023,4.023,3.065,2741573,23,CB,0.9201388888888888,0.0007409867172672607,0.17007118353344713,-0.9522352941176471,0.16862500000000008,-0.09992592592592592,0.5718586956521737,-0.17986666666666665,-0.6202151457541191,-1.3306558577405871,-0.2606963190184046,1.0264642233856884,0.573325000000001,0.2791034482758621,0.0395730117340286,0.006711442786069663,-0.6744999999999999,0.12834927385035688,0.9999999999999999,0.5429022960759549,1.0,0.9760416666666666,0.5429022960759549,14.939657099178364,3077588.1322692437,0.11561433319407399,0.44745028950498333,0.5010959391317412
DUN Player 096,Dundee,Scottish Premiership,CB,21,1577,0.52,0.841,4.591,0.036,0.0,4.506,1.04,1.135,0.337,75.281,4.413,50.184,0.018,0.05,0.406,0.833,0.01,4.765,2.175,2136542,39,CB,0.8645833333333334,0.869648956356736,-0.2649408233276162,-1.229970588235294,-1.3911562499999994,-0.4246851851851852,0.4545543478260875,0.0449666666666667,-2.518190325306294,-0.283628661087867,0.0,0.5614947643979057,-1.1578916666666674,-1.4459109195402287,0.4537705345501954,-1.1745024875621903,-0.6744999999999999,-0.1957648999088117,0.9999999999999999,0.4370134827840674,0.9360080721399314,0.914580650497952,0.4410441114499063,14.950207425057762,3110229.5867541432,0.37550776481916515,0.3851185971154981,0.5924070609885126
DUN Player 099,Dundee,Scottish Premiership,CB,26,1012,0.52,0.872,4.6,0.064,0.0,2.27,0.839,1.17,0.276,44.204,3.646,66.857,0.081,0.054,0.477,0.944,0.0,5.081,2.009,2482621,9,CB,0.96875,-1.223773244781783,-1.1523190394511167,-0.6745,1.2646874999999995,-0.6745,-0.43989130434782575,0.13489999999999994,-1.330406368821292,0.16227510460251082,0.12827914110429456,0.5720890052356015,-0.359733333333334,-1.7676551724137912,-1.5125684485006514,-0.8020174129353242,-0.6744999999999999,-0.8239188189291811,0.9999999999999999,0.2317942161341042,0.7498147919467995,0.8154953543627597,0.29889533597166507,13.77679499906389,962023.3094853787,-0.9480308186381041,0.42264767753117166,0.1273941819768466
DUN Player 102,Dundee,Scottish Premiership,CB,23,2253,0.52,1.048,4.174,0.094,0.01,3.6,1.373,1.295,0.183,65.587,4.775,86.605,0.049,0.055,0.463,0.921,0.001,6.695,2.668,1282353,38,CB,0.8680555555555556,0.2166375711574952,0.1538739279588338,-0.07935294117647065,-0.08431249999999973,-0.6495185185185185,-1.8035543478260874,0.1573833333333333,0.07644048373468576,2.4397709205020934,0.8565736196319019,0.07062827225130944,-0.517116666666667,-0.49036925287356214,-0.3429661016949152,-0.8791990049751252,-0.40469999999999995,0.10483985807000303,0.9999999999999999,0.5352217182434749,1.0,0.9604166666666667,0.5352217182434749,14.799759781234,2675801.2000766946,0.7355517718431663,0.2575040458613857,0.7189051490455975
RAP Player 107,Rapid Wien,Austria Bundesliga,RWB,25,2386,0.63,2.511,3.526,2.386,0.037,15.566,1.684,0.839,1.065,37.409,1.23,63.669,0.03,0.0,0.359,1.154,0.023,15.444,2.523,1892107,39,RWB,0.8645833333333334,-0.4017604584232708,-1.088193333333333,-0.15857450331125764,-0.281041666666667,0.0,-0.872708333333333,-0.6745,-0.8260624176005276,0.9986951612903224,-0.389082834331337,-0.6672783725910066,0.0,-0.6745,-0.9636275480489204,-1.3747442748091607,-1.261967741935484,-0.5012565810134884,1.0,0.33720867879313154,1.0,0.959375,0.33720867879313154,14.379929972806693,1758425.5699328072,-0.07327213661055865,0.35474619944593555,0.43473244793621757
RAP Player 109,Rapid Wien,Austria Bundesliga,CB,20,2092,0.63,1.066,4.428,0.152,0.0,4.811,1.344,1.925,0.385,69.898,4.114,93.581,0.04,0.082,0.675,1.018,0.073,7.002,3.269,3480979,23,CB,0.9201388888888888,0.5070370018975325,-0.6108679245283031,1.0712647058823528,-0.4637187499999996,1.149148148148148,1.1583804347826092,0.7644333333333333,0.5734104879594426,2.8729748953974905,0.9310582822085891,0.3696212914485164,1.8661166666666689,0.6745,0.7219876140808338,-0.5536940298507468,-0.6744999999999999,0.44090914263115477,0.9999999999999999,0.6450162925235742,1.0,0.9760416666666666,0.6450162925235742,15.540458245375723,5612226.431869292,0.47763382407408983,0.5071417922757585,0.6282880949302645
RAP Player 113,Rapid Wien,Austria Bundesliga,CB,23,2180,0.63,0.818,3.735,0.131,0.115,2.887,1.393,1.41,0.293,63.986,4.594,83.845,0.031,0.008,0.63,1.381,0.09,3.984,2.803,6070029,38,CB,0.8680555555555556,0.10879032258064476,-0.055533447684391196,0.6546617647058823,-0.8431249999999996,1.5738333333333332,-0.1906195652173915,-0.8993333333333333,-0.12018182298267828,-1.3856882845188294,-0.09517484662576693,-0.44613525305410096,1.360241666666668,-0.22870977011494212,-0.9699784876140807,0.664432835820896,2.4281999999999995,-0.05056105449035017,0.9999999999999999,0.48445189838450403,1.0,0.9604166666666667,0.48445189838450403,14.979532207700736,3202786.9015102903,-0.6393418976621064,0.6461451056279364,0.23584914177642824
RAP Player 119,Rapid Wien,Austria Bundesliga,ST,19,2040,0.63,0.646,0.916,0.304,0.102,21.723,0.501,0.406,1.706,46.04,0.615,58.853,0.0,0.474,2.319,7.814,0.307,16.384,0.907,2751154,23,ST,0.9201388888888888,0.01875708136030955,0.016451219512194776,-1.0654034090909095,-0.976862068965517,0.18120895522388075,-1.4729363957597164,1.1816821705426355,-0.5540839999999999,0.7019656240778994,-1.5823867753623193,-1.2824782110091744,-0.7908282904689861,0.4446924778761063,0.008825612874116743,3.0,0.16187999999999933,0.9146601255365495,1.0000000000000002,0.7997917804138147,1.0,0.9760416666666666,0.7997917804138147,15.230269588651097,4115493.6385616376,0.4027382071836545,0.44832238623495224,0.6019742217490218
STU Player 125,Sturm Graz,Austria Bundesliga,ST,20,1210,0.66,1.826,1.835,0.441,0.144,24.642,0.418,0.279,2.738,64.168,0.85,89.975,0.027,0.365,2.977,5.295,0.27,16.246,0.697,4753440,39,ST,0.8645833333333334,2.1241959104606116,1.5628658536585363,1.0347443181818186,0.2791034482758621,-0.5637611940298501,0.9867243816254415,0.04182945736434112,2.392131999999998,0.6470343759221006,1.3013451086956533,0.13923165137614654,0.5520491679273818,-0.8088030973451331,0.6010546698751695,0.4301846213895396,2.4281999999999986,0.1930209718599168,1.0000000000000002,0.5640306820282829,0.8198915917499229,0.833299114224946,0.552498217809002,14.8746579258606,2883910.0255704345,-0.499721408936578,0.5850254176214834,0.28490349216920613
STU Player 126,Sturm Graz,Austria Bundesliga,CB,26,1522,0.66,0.814,4.494,0.139,0.006,4.24,1.11,1.605,0.247,80.768,5.682,95.0,0.042,0.174,0.502,1.211,0.026,5.62,2.715,5155194,19,CB,0.9340277777777778,1.239266603415559,1.2032246998284748,0.8133676470588236,-0.37940624999999956,-0.024981481481481504,-0.8651195652173915,2.8328999999999995,0.6745,0.9228514644351468,-0.11172699386503075,0.44731239092495595,-0.07869166666666681,-0.39927298850574666,0.21985006518904815,0.09396019900497528,-0.5126200000000001,0.5256902461885855,0.9999999999999999,0.6727144654888315,0.9195409482755814,0.9238869971262402,0.6588180233765103,15.194891115067254,3972439.165361566,-0.2606243870025935,0.6053081304920767,0.36890799035482863
STU Player 127,Sturm Graz,Austria Bundesliga,CB,25,959,0.66,0.921,3.714,0.081,0.139,3.99,0.911,1.548,0.312,71.892,5.225,95.0,0.053,0.018,0.463,0.953,0.0,6.315,2.459,4438418,51,CB,0.8229166666666666,0.6413576850094869,0.6745,-0.33725,0.08431250000000004,-0.6745,0.08797826086956533,-0.6744999999999999,0.6745,1.9035575313807542,0.3310429447852763,-0.4708551483420589,-0.517116666666667,-0.8954568965517228,0.0,-0.7718159203980108,3.0,0.09308001732925483,0.9999999999999999,0.5313797524136661,0.7299162813486063,0.7578163969440244,0.522904592191423,14.797429988621246,2669574.3922797274,-0.5083788012941586,0.5678839045334526,0.2818617984889084
STU Player 130,Sturm Graz,Austria Bundesliga,CB,22,955,0.66,1.004,2.808,0.08,0.079,3.11,1.4,1.522,0.33,75.14,5.133,95.0,0.073,0.004,0.522,1.149,0.048,5.299,2.922,1990817,4,CB,0.9861111111111112,0.8601508538899426,0.5680608919382507,-0.35708823529411765,0.9274374999999995,0.5246111111111111,0.3519130434782613,-0.9892666666666664,0.6745,0.46989225941422647,0.6745,-1.5373420593368228,0.14614166666666692,0.0019382183908052432,-0.7738722294654498,-0.11409452736318426,1.4569199999999998,-0.002460169136930118,0.9999999999999999,0.5001665634029717,0.7283924461137385,0.8057080456129504,0.5001213235245237,14.801496997298173,2680453.6866603643,0.29744082978119124,0.36745888102078667,0.5649789748931313
STU Player 132,Sturm Graz,Austria Bundesliga,CB,19,2174,0.66,0.534,2.667,0.106,0.0,2.541,1.209,1.018,0.285,29.452,4.327,55.909,0.067,0.0,0.324,0.943,0.0,4.354,2.227,1261263,30,CB,0.8958333333333334,-2.2175037950664125,-0.36443825042881733,0.15870588235294103,0.6745,-0.6745,-0.3079239130434786,-1.0792,-2.1103415188001677,-0.863585774058578,-1.2703773006134964,-1.7033184991273986,-2.0797083333333353,-1.3451235632183893,-1.2742509778357232,-0.8053731343283592,-0.6744999999999999,-1.5334157762457772,0.9999999999999999,0.0,1.0,0.96875,0.0,14.057171295219215,1273361.1151997629,0.00954634453175629,0.25335855280319863,0.4638299452307531
STU Player 133,Sturm Graz,Austria Bundesliga,CB,26,2890,0.66,1.177,6.922,0.149,0.068,5.014,1.093,1.741,0.303,77.02,4.851,95.0,0.058,0.062,0.489,1.474,0.089,3.957,2.834,5893009,23,CB,0.9201388888888888,0.986792220113851,0.24180188679245268,1.0117499999999997,0.29509375000000015,1.548851851851852,-0.04398913043478266,0.3147666666666666,0.6745,-1.4237876569037669,1.3903803680981595,3.0,-0.22483333333333375,-0.16862499999999933,0.9005058670143411,0.9765149253731348,1.16014,1.0069485445118316,0.9999999999999999,0.8299426098346175,1.0,0.9760416666666666,0.8299426098346175,15.690722670489611,6522201.414442811,0.10144520974244209,0.6387464292441324,0.49611775037950695
STU Player 135,Sturm Graz,Austria Bundesliga,CB,24,1823,0.66,0.844,4.12,0.017,0.02,3.977,1.074,1.925,0.326,40.129,5.14,76.727,0.016,0.066,0.521,1.276,0.06,5.24,2.999,2977408,0,CB,1.0,-1.49827514231499,0.5761595197255575,-1.6068970588235294,-1.4754687499999992,0.824388888888889,0.29326086956521774,0.4047,-0.6272679024081108,0.3866380753138077,0.012414110429447862,0.007062827225131152,0.13490000000000024,0.15118103448275905,-0.011432203389830807,0.31208208955223893,-0.13490000000000002,-0.16325125519127406,0.9999999999999999,0.4476357620105608,1.0,1.0,0.4476357620105608,15.121256284140976,3690439.1256245,0.21469226694890509,0.4680792506727526,0.5359060427416513
STU Player 136,Sturm Graz,Austria Bundesliga,CB,22,1956,0.66,0.696,3.643,0.101,0.025,5.369,0.999,1.618,0.316,59.632,3.899,55.158,0.031,0.0,0.404,0.833,0.045,5.434,2.617,2072260,19,CB,0.9340277777777778,-0.18450569259962069,-0.8596114922813051,0.05951470588235299,-0.8431249999999996,0.44966666666666666,0.14663043478260887,-1.0792,-2.163842733417827,0.6603891213389125,-0.6000153374233128,-0.5544319371727746,-1.1803750000000008,-0.5892183908045968,1.212692959582789,-1.1745024875621903,0.0,-0.6223968775583044,0.9999999999999999,0.297631877525288,1.0,0.9802083333333333,0.297631877525288,14.528203087569876,2039474.2198790836,-0.015947752109644497,0.37748189234174756,0.4548728332695345
MID Player 147,Midtjylland,Danish Superliga,ST,24,2479,0.64,1.682,1.997,0.462,0.112,21.653,0.707,0.255,2.476,49.621,0.667,68.033,0.014,0.271,2.892,4.621,0.219,14.814,0.962,4906940,36,ST,0.875,0.4346648730090399,0.3586365853658537,1.3566647727272736,-0.3256206896551722,-1.590611940298507,0.3622756183745584,-0.9411627906976741,0.3149559999999996,0.07702316317497797,0.949432065217392,0.38984862385321095,0.37857715582450757,0.7729889380530971,-0.005376522785380982,-0.2795936768149877,0.7014799999999997,-0.4486350542289757,1.0000000000000002,0.3544002473079957,1.0,0.9624999999999999,0.3544002473079957,15.001140143001907,3272745.6453006235,-0.4050211483581503,0.5929703861983722,0.3181755413297974
MID Player 148,Midtjylland,Danish Superliga,ST,19,2832,0.64,1.395,1.253,0.356,0.033,21.706,0.451,0.235,1.594,44.539,0.379,69.108,0.057,0.387,2.4,2.774,0.195,15.833,0.686,1632104,15,ST,0.9479166666666666,-0.1555734395178649,-1.5365439024390248,-0.26826704545454577,1.6746206896551723,-2.0738358208955217,-1.7398763250883378,0.27189147286821724,0.4167226666666666,0.48263868397757476,0.2480498188405802,-0.761133027522936,-0.6255196671709531,-0.8744623893805309,0.005376522785381703,-2.224638953942233,-3.0,-0.5742428629787819,1.0000000000000002,0.31336389997875425,1.0,0.984375,0.31336389997875425,14.489803328644845,1962643.4453275816,0.18442217797297644,0.3177933809523961,0.525270930627377
MID Player 155,Midtjylland,Danish Superliga,CB,21,1934,0.64,0.576,3.365,0.081,0.0,2.725,1.096,1.41,0.297,41.418,4.742,56.633,0.023,0.0,0.497,1.368,0.02,5.118,2.506,2178507,9,CB,0.96875,-1.4114449715370012,0.11569468267581448,-0.33725,-1.1803749999999993,-0.17487037037037034,-0.13196739130434798,-1.0792,-2.058763783269961,0.21448535564853585,-1.0965797546012268,-0.881676265270505,-0.13490000000000024,-0.8043606321839074,-1.1124413298565836,0.6208084577114434,-0.6744999999999999,-0.8681439168721229,0.9999999999999999,0.2173457793854687,1.0,0.9906249999999999,0.21734577938546873,14.06938515613898,1289009.1499065186,-0.5247656406454606,0.38998106265740856,0.2761044360365454
MID Player 160,Midtjylland,Danish Superliga,RB,25,1385,0.64,3.484,5.197,2.595,0.108,14.684,1.578,1.158,1.21,52.979,2.657,70.801,0.002,0.04,0.381,1.815,0.015,16.791,2.736,4076222,8,RWB,0.9722222222222222,0.6776891252955082,1.0507211111111108,0.3082152317880802,-1.8548750000000005,-0.2346086956521739,-0.44375,1.0117500000000001,-0.4296769528675015,1.7313979838709672,0.9208742514970064,0.5394555674518199,0.279981132075472,-0.2640185714285714,-1.310109202096678,2.028648854961831,0.28285483870967737,0.22751499006788434,1.0,0.575299953628927,0.8771798244627178,0.9056925437905691,0.566051600106273,14.972663627784353,3180863.673764431,-0.24801775454432473,0.5466034469577699,0.3733372125379466
BRO Player 165,Brondby,Danish Superliga,CB,25,1044,0.6,1.037,5.509,0.059,0.127,6.063,1.474,2.267,0.4,67.797,5.992,89.067,0.054,0.134,0.54,1.183,0.06,6.843,3.741,5260055,25,CB,0.9131944444444444,0.3655085388994302,1.5618782161235005,-0.7736911764705883,0.12646875000000005,0.824388888888889,1.3783260869565226,1.9335666666666667,0.2518332805238695,2.648611924686193,0.8110552147239259,1.6421073298429312,0.3484916666666673,1.5893390804597693,1.8229967405475869,0.0,2.75196,0.9023454959807606,0.9999999999999999,0.7957685638581554,0.7615773105863908,0.8070624507438068,0.7252506274190932,15.317406676408229,4490193.945169073,-0.15824555463682444,0.6103419829118549,0.40487783376045233
BRO Player 168,Brondby,Danish Superliga,RB,26,1768,0.6,1.654,4.45,1.91,0.0,21.945,1.262,0.99,1.159,30.352,1.205,91.443,0.067,0.0,0.219,1.505,0.0,10.461,2.252,545526,9,RWB,0.96875,-0.891013876040703,-1.1256655555555548,-1.2216937086092712,1.798666666666667,-0.6745,-0.5946249999999996,-0.6745,0.7175732943309167,-1.7118157258064512,-1.5428682634730542,0.0,-1.7816981132075471,-1.1967557142857148,1.542275480489224,0.4325038167938924,-2.067016129032258,-0.767703437434775,1.0,0.2501599048855515,0.9910712498212337,0.9843748748748635,0.25239066467946764,13.959617802287633,1155006.9699312884,0.7501102233819079,0.04384293757113302,0.7240201245730191
BRO Player 176,Brondby,Danish Superliga,ST,18,1463,0.6,0.95,2.265,0.402,0.095,17.708,0.544,0.26,2.128,51.144,0.371,90.915,0.05,0.277,2.124,4.052,0.318,13.391,0.804,1906831,9,ST,0.96875,0.6115505380972873,-1.5891878048780494,0.436892045454546,1.349,0.40268656716417944,-0.46714487632508744,-0.8784186046511623,2.4811186666666654,-0.48940557686633224,-0.8394592391304351,0.8044495412844036,-1.1887934947049916,-0.17011725663716798,-0.8057683110242138,-0.8787982045277132,-0.21584000000000012,-0.5068287698705105,1.0000000000000002,0.33538823244033866,0.9015418890865681,0.9217043223605976,0.35159559610838387,14.859004722130772,2839119.054410542,0.398050937915567,0.35668399117899496,0.6003273936139759
BRO Player 177,Brondby,Danish Superliga,CB,22,1104,0.6,1.052,5.759,0.125,0.076,4.698,1.015,2.501,0.348,82.766,4.659,95.0,0.059,0.099,0.63,1.603,0.123,6.694,3.516,3882596,4,CB,0.9861111111111112,1.3738567362428837,0.019668096054887906,0.5356323529411764,0.3372499999999998,2.3982222222222225,0.6158478260869564,1.14665,0.6745,2.4383598326359843,0.8731257668711657,1.9363917975567184,1.360241666666668,1.153239942528735,0.6226153846153845,1.4094029850746277,1.37598,0.991765084431836,0.9999999999999999,0.8249821400381621,0.7831560082980487,0.8440425391419673,0.7545117155604444,15.970403036583603,8626961.546175504,0.7983882189885918,0.5344376028949877,0.7409821459379984
AIK Player 188,AIK,Allsvenskan,ST,26,2069,0.55,0.935,2.057,0.363,0.037,16.785,0.379,0.224,1.513,28.184,0.509,55.344,0.035,0.357,2.068,4.919,0.307,14.427,0.603,1808120,61,ST,0.7881944444444444,-2.0550908738699953,-0.6810804878048784,-0.16096022727272746,0.651241379310345,0.18120895522388075,-1.9329310954063594,-0.04182945736434112,-0.886269333333333,-0.07702316317497797,-0.8761168478260869,0.48266972477064185,-1.3030809379727677,-1.3698915929203541,-0.9930336140773042,0.034225214676034094,-3.0,-0.14186474448762398,1.0000000000000002,0.4546227820862285,1.0,0.9364583333333333,0.4546227820862285,14.468143527687765,1920590.0356237923,0.06034478521410769,0.3433961013820194,0.48167750135510856
AIK Player 196,AIK,Allsvenskan,RB,22,2159,0.55,3.287,3.823,2.403,0.128,16.987,1.723,1.389,1.4,50.158,2.776,80.733,0.035,0.0,0.34,1.354,0.003,13.668,3.112,5426822,62,RWB,0.7847222222222222,0.48211255010792486,1.229088888888888,-0.12060596026490024,0.0,-0.5865217391304348,0.11833333333333267,-0.6745,0.1223281558998027,0.032637096774192846,0.6556516966067867,-0.45279603854389733,-0.24180188679245238,0.46058714285714253,-0.4054071054164235,-0.34497328244274783,0.7180161290322581,0.1695364864084722,1.0,0.5563582489890792,1.0,0.9354166666666666,0.5563582489890792,14.874088975584627,2882269.6902754125,-0.632775462224787,0.6181445233711743,0.23815619733621102
AZ  Player 221,AZ Alkmaar,Eredivisie,CB,20,1067,0.72,0.738,3.625,0.053,0.029,4.376,1.307,1.719,0.21,54.864,4.173,77.972,0.078,0.075,0.406,1.259,0.058,4.238,3.026,4130687,19,CB,0.9340277777777778,-0.5056897533206831,-0.5426080617495722,-0.8927205882352942,1.1382187499999996,0.774425925925926,-1.407652173913044,0.6070499999999999,-0.5385741444866919,-1.0272719665271968,-0.4262177914110427,-0.575620418848167,-1.1578916666666674,0.20351293103448254,0.3394485006518904,0.25503482587064646,0.10791999999999999,-0.4772256767676629,0.9999999999999999,0.3450596280540305,0.7699206308300731,0.8191527749143845,0.380708211090313,14.562711345458823,2111081.3699314487,-0.6712431915609098,0.5499215182265406,0.22464092109779107
AZ  Player 223,AZ Alkmaar,Eredivisie,CB,26,1138,0.72,0.911,4.114,0.115,0.0,2.842,1.565,2.511,0.321,44.296,3.711,90.81,0.027,0.03,0.509,1.267,0.011,3.332,4.076,3372436,60,CB,0.7916666666666666,-1.2175759013282728,-1.0771174957118372,0.33725,-1.0117499999999995,-0.39970370370370367,0.2199456521739133,-0.4047,0.3760045416138575,-2.305717573221759,0.28966257668711676,0.0,0.0,2.238642241379308,-1.0095514993481092,0.2818805970149251,-0.6744999999999999,0.17111134528084818,0.9999999999999999,0.5568727588457879,0.7951240294584375,0.7940868206209062,0.5452208971798809,14.947785667425782,3102706.4753465503,-0.0833605189597062,0.49922275241167324,0.4311879893315478
AZ  Player 232,AZ Alkmaar,Eredivisie,RWB,25,2401,0.72,2.443,2.793,1.728,0.061,16.504,2.179,1.242,1.044,35.213,2.406,89.967,0.027,0.057,0.292,1.51,0.093,12.599,3.421,2053708,36,RWB,0.875,-0.5540065268784048,0.6745,-1.6281804635761583,-0.449666666666667,2.052826086956522,-0.9348333333333326,1.7284062500000001,0.6355395105471329,-0.5488471774193548,-0.48063173652694585,-1.1966236616702353,-0.8526698113207549,1.0560742857142846,-0.5951470588235274,0.45824809160305324,-0.7397741935483871,-0.438433324816483,1.0,0.3577331747405876,1.0,0.9624999999999999,0.3577331747405876,14.82479719394744,2743642.100484137,0.2896392092945348,0.3752338258810933,0.5622379486406287
UTR Player 236,Utrecht,Eredivisie,CB,21,2382,0.66,1.229,4.266,0.133,0.052,5.182,1.74,2.061,0.46,81.742,4.914,95.0,0.078,0.122,0.572,1.205,0.088,7.369,3.801,7878134,30,CB,0.8958333333333334,1.3048776091081589,0.31468953687821577,0.6943382352941176,1.1382187499999996,1.5238703703703704,2.258108695652175,1.6637666666666664,0.6745,3.0,1.6055582822085892,0.17892495636998257,0.708225,1.705632183908045,1.0482451108213815,0.0738258706467663,0.7284599999999999,0.7319832475905155,0.9999999999999999,0.7401108426836875,1.0,0.96875,0.7401108426836875,15.801404608942027,7285557.134922768,-0.07819714975315328,0.7113227484440118,0.4330020907186547
UTR Player 239,Utrecht,Eredivisie,CB,26,1415,0.66,0.75,4.687,0.046,0.074,3.735,0.882,2.269,0.301,86.62,5.669,71.899,0.051,0.105,0.552,1.156,0.026,5.027,3.151,5099675,23,CB,0.9201388888888888,1.6334715370018968,1.188184391080618,-1.0315882352941177,0.0,-0.024981481481481504,-0.07331521739130444,1.2815499999999997,-0.9712144592310936,0.08607635983263594,-0.3765613496932513,0.6745,0.48339166666666755,0.44579022988505707,-0.22424706649282938,-0.09060447761194082,1.3220199999999998,0.46394297713721067,0.9999999999999999,0.652541496907941,0.8866290718846924,0.8966820169859513,0.6352477258273894,15.370788233063534,4736400.523342977,-0.0738993332011777,0.6026013238939942,0.43451208829128135
UTR Player 246,Utrecht,Eredivisie,CB,23,1457,0.66,1.079,2.905,0.135,0.024,3.235,0.724,1.688,0.393,84.031,4.912,95.0,0.067,0.027,0.459,0.973,0.0,6.389,2.412,2658343,8,CB,0.9722222222222222,1.4590702087286522,0.31237564322469974,0.734014705882353,0.6745,-0.6745,1.2756847826086963,-0.47214999999999996,0.6745,2.007978033472804,0.984852760736196,-1.4231596858638733,-0.5620833333333337,-0.9865531609195392,-0.6639471968709256,-0.7047014925373142,-0.026980000000000025,0.022646970831114485,0.9999999999999999,0.5083691212409545,0.8996913050843852,0.9214505802257362,0.5075296256116838,14.836263410334913,2775282.3563187965,0.04304947983670537,0.43974358558590904,0.4756009578773026
UTR Player 250,Utrecht,Eredivisie,RB,23,1556,0.66,3.035,6.594,2.681,0.116,19.252,1.429,1.076,1.397,59.891,2.194,78.532,0.052,0.106,0.373,1.507,0.118,14.976,2.505,4519592,40,RWB,0.8611111111111112,1.1568898653510125,0.35673555555555536,0.5002913907284772,0.9555416666666666,2.785978260869565,0.109458333333333,3.0,0.0,0.744125806451613,0.3163822355289426,1.5483169164882224,0.1781698113207549,-0.7091885714285718,0.48436721025043633,0.44280152671755646,0.45691935483870977,0.3702181983915244,1.0,0.6219214055916024,0.9297550453987569,0.9091618651124631,0.6133570419909005,14.895276183275772,2943988.4735845113,-0.42865632023062794,0.5724145360788109,0.3098715451669903
GEN Player 258,Genk,Belgian Pro League,CB,25,1418,0.68,1.127,4.903,0.182,0.11,5.365,1.762,2.221,0.365,88.812,5.249,95.0,0.067,0.086,0.547,1.625,0.108,6.239,3.983,6354923,25,CB,0.9131944444444444,1.7811299810246666,0.7022667238421956,1.666411764705882,0.6745,2.0235000000000003,0.8651195652173915,0.8543666666666664,0.6745,1.7963148535564857,1.1834785276073618,0.9287617801047111,0.4271833333333341,2.0583879310344813,1.2091753585397649,1.483228855721394,2.2932999999999995,1.0730360670260035,0.9999999999999999,0.8515335487659903,0.8875684637129565,0.8952562579324028,0.8120100918217936,15.754286774184493,6950239.17282221,0.0895462707376442,0.6576109538928643,0.49193716965978823
GEN Player 263,Genk,Belgian Pro League,CB,27,1396,0.68,0.821,3.777,0.017,0.025,3.422,1.438,1.809,0.354,46.092,3.921,58.558,0.08,0.086,0.358,0.939,0.013,5.314,3.247,1193128,4,CB,0.9861111111111112,-1.0965929791271345,-0.834158662092626,-1.6068970588235294,1.2225312499999996,-0.34974074074074074,0.7038260869565217,0.8543666666666664,-1.9216268483312198,0.4910585774058578,-0.08276073619631907,-0.39669546247818444,-1.6974916666666684,0.6318591954022984,-0.4994993481095174,-0.8187960199004984,0.0,-0.7060679010892964,0.9999999999999999,0.2702963701457262,0.8806563209081938,0.912292757969069,0.2977100464332777,14.796684995004316,2667586.316296475,0.8045951690071895,0.2394756812529422,0.7431628996644898
GEN Player 265,Genk,Belgian Pro League,ST,23,1512,0.68,1.329,0.977,0.343,0.106,23.928,0.706,0.357,2.619,51.281,0.777,68.891,0.0,0.516,3.229,5.32,0.337,16.475,1.063,4006431,10,ST,0.9652777777777778,0.627462117950925,1.082490243902439,-0.46755113636363604,-0.976862068965517,0.78523880597015,0.7031007067137814,1.6208914728682173,0.39618000000000003,0.7381884036588972,0.0867563405797104,-1.188110091743119,1.0663426626323744,1.3758606194690262,0.45619288614829356,0.4565117096018741,0.37771999999999945,0.8107410348251703,1.0000000000000002,0.7658411849610645,0.916515138991168,0.9311439306271508,0.7436474705841668,15.717993050370474,6702511.7433294,0.5145814227340626,0.5422862911499083,0.6412692875000814
GEN Player 266,Genk,Belgian Pro League,CB,23,1255,0.68,0.77,3.214,0.047,0.0,3.957,1.176,1.615,0.237,45.029,2.839,60.567,0.048,0.004,0.323,0.558,0.023,3.724,2.791,1060344,11,CB,0.9618055555555556,-1.1681992409867166,-2.0859751286449426,-1.01175,-0.12646874999999977,-0.09992592592592592,-1.0117500000000004,-0.9892666666666664,-1.7785057562315156,-1.7525711297071138,-0.29380061349693226,-1.0594240837696327,-2.0909500000000016,-0.25196839080459726,-0.029020208604954672,-2.0973258706467677,-0.6744999999999999,-0.9754264862208744,0.9999999999999999,0.1822963280656232,0.8349983366583565,0.8730405023275163,0.23471796238454323,14.226000799456886,1507555.670814337,0.3518959146249454,0.20998137846359402,0.5841112586788243
STA Player 273,Standard Liege,Belgian Pro League,ST,27,1296,0.61,1.329,1.788,0.331,0.11,23.117,0.467,0.309,2.565,44.096,0.61,60.54,0.038,0.417,3.574,3.683,0.17,13.469,0.776,1982837,17,ST,0.9409722222222222,-0.20702475247524818,-0.016451219512195504,-0.6515056818181818,0.7907931034482758,-2.5771940298507454,0.5743975265017668,0.5856124031007751,-0.3943813333333335,-0.4583574800826205,0.0867563405797104,0.06652178899082556,1.7704349470499223,-0.33725,0.29165100015039924,-1.2673860265417647,0.5935599999999995,-0.2612340402887641,1.0000000000000002,0.415624570655762,0.848528137423857,0.8762613628633666,0.4284050740941955,14.491918819840635,1966799.7971849402,-0.008120889921707786,0.3664548323685938,0.4576227279572533
STA Player 278,Standard Liege,Belgian Pro League,CB,25,2486,0.61,0.722,3.352,0.079,0.003,3.125,0.651,1.42,0.306,60.432,5.343,95.0,0.082,0.058,0.645,1.449,0.055,5.444,2.071,2576290,24,CB,0.9166666666666666,-0.13061574952561664,0.8110197255574619,-0.3769264705882353,1.3068437499999996,0.6994814814814815,0.0,0.22483333333333336,0.6745,0.6745,-0.492426380368098,-0.8969790575916224,1.5288666666666684,-1.647485632183906,-0.7606812255541067,0.8926218905472644,-0.59356,-0.45029184673209727,0.9999999999999999,0.35385896955395085,1.0,0.9749999999999999,0.35385896955395085,15.239467347439371,4153521.583380665,0.4776060217746405,0.43190594790892195,0.6282783268528758
STA Player 281,Standard Liege,Belgian Pro League,CB,23,1435,0.61,0.634,2.981,0.041,0.0,2.773,1.345,1.569,0.199,52.349,3.826,89.745,0.08,0.0,0.562,1.192,0.0,3.865,2.914,1563688,25,CB,0.9131944444444444,-0.6751062618595826,-0.9440686106346499,-1.1307794117647059,1.2225312499999996,-0.6745,-1.5689456521739131,-1.0792,0.30013397760878796,-1.5536077405857749,-0.8565736196319016,-1.333697207678882,0.5958083333333344,-0.013567528735631539,-1.0702301173402864,0.030201492537313107,-0.6744999999999999,-0.6610930746033745,0.9999999999999999,0.28498974485800105,0.8928730157319249,0.8989694443456807,0.3080231450780728,14.476941665500108,1937562.2125314423,0.21438333429067846,0.30708837749139994,0.5357975021470527
